account_id,customer_id,account_type,opened_at,status,updated_at
1,1,savings,2025-03-15,frozen,2025-05-14T12:09:38
2,2,checking,2023-03-14,closed,2023-04-24T03:18:50
3,2,credit,2023-06-10,closed,2023-08-30T08:30:26
4,3,credit,2024-02-14,closed,2024-04-26T01:08:04
5,3,savings,2023-09-28,closed,2023-11-15T01:35:27
6,4,credit,2023-05-01,frozen,2023-06-18T21:59:28
7,4,credit,2023-12-13,frozen,2024-01-27T06:17:11
8,5,savings,2025-01-26,closed,2025-01-26T07:30:52
9,5,checking,2025-02-18,frozen,2025-03-11T13:50:19
10,6,credit,2023-04-30,closed,2023-06-04T18:03:26
11,7,checking,2023-08-22,active,2023-10-07T09:22:06
12,8,credit,2023-07-03,active,2023-08-25T19:40:13
13,8,credit,2024-05-27,active,2024-07-27T23:40:17
14,8,savings,2025-01-13,active,2025-03-29T19:30:13
15,9,checking,2024-09-30,active,2024-10-05T07:25:58
16,10,credit,2025-06-09,active,2025-06-26T21:07:36
17,11,checking,2025-03-07,closed,2025-03-25T08:42:34
18,11,checking,2023-03-28,frozen,2023-04-20T20:33:02
19,11,savings,2025-03-13,closed,2025-05-24T13:45:39
20,12,credit,2023-01-29,closed,2023-04-23T22:12:18
21,12,checking,2024-03-16,active,2024-05-12T07:57:15
22,12,savings,2025-01-02,active,2025-01-30T07:34:02
23,13,credit,2023-08-10,active,2023-10-28T16:41:38
24,13,savings,2025-03-04,active,2025-05-30T12:11:14
25,14,credit,2024-12-05,closed,2024-12-13T10:35:32
26,14,savings,2023-12-24,frozen,2024-01-09T00:04:44
27,15,checking,2023-01-26,closed,2023-03-31T17:29:58
28,16,checking,2024-10-14,closed,2024-10-26T03:05:32
29,16,savings,2023-10-03,closed,2023-12-18T14:46:42
30,16,credit,2023-03-02,closed,2023-03-17T15:23:18
31,17,credit,2025-01-19,active,2025-04-06T03:14:42
32,18,credit,2023-01-02,closed,2023-02-26T20:44:48
33,18,savings,2025-03-21,frozen,2025-03-26T23:13:10
34,18,savings,2025-04-03,active,2025-06-03T00:59:29
35,19,credit,2024-06-28,closed,2024-09-25T12:15:04
36,19,checking,2025-06-13,frozen,2025-06-30T23:20:27
37,20,checking,2025-01-11,active,2025-02-16T05:06:52
38,20,savings,2025-04-24,frozen,2025-05-18T15:45:42
39,21,credit,2023-01-12,closed,2023-01-27T01:13:55
40,22,savings,2023-01-12,closed,2023-02-07T04:12:49
41,22,savings,2024-05-05,frozen,2024-05-18T17:40:10
42,22,savings,2023-08-29,closed,2023-11-11T10:33:49
43,23,credit,2024-02-10,frozen,2024-04-22T22:04:40
44,23,credit,2024-07-22,frozen,2024-10-17T00:11:59
45,24,savings,2023-11-13,closed,2024-01-23T10:15:00
46,24,checking,2025-01-19,frozen,2025-03-31T11:42:06
47,25,savings,2025-01-21,frozen,2025-04-04T11:53:09
48,25,credit,2024-06-18,frozen,2024-07-05T22:32:00
49,25,credit,2023-07-04,active,2023-08-30T23:50:20
50,26,checking,2023-09-09,active,2023-11-13T08:09:33
51,26,savings,2024-09-14,closed,2024-12-01T05:59:34
52,26,checking,2023-03-22,frozen,2023-06-11T20:40:08
53,27,checking,2023-05-22,frozen,2023-08-06T12:01:42
54,28,checking,2023-05-17,frozen,2023-06-14T22:07:23
55,28,checking,2024-07-30,closed,2024-08-03T01:44:08
56,29,savings,2024-08-20,closed,2024-11-11T00:42:43
57,29,savings,2025-03-20,closed,2025-06-04T08:29:40
58,29,checking,2023-03-31,closed,2023-06-02T06:22:37
59,30,checking,2023-01-17,closed,2023-03-24T15:18:45
60,30,checking,2024-03-20,active,2024-06-04T07:05:44
61,31,credit,2025-03-12,active,2025-05-29T06:55:33
62,31,credit,2023-09-21,active,2023-11-06T06:46:48
63,31,credit,2024-01-07,active,2024-01-27T16:08:00
64,32,savings,2024-03-04,frozen,2024-05-28T15:40:19
65,33,credit,2024-09-21,active,2024-11-26T20:18:27
66,33,credit,2023-01-24,closed,2023-02-01T20:54:19
67,34,savings,2025-05-03,closed,2025-07-13T18:17:57
68,35,savings,2024-06-24,frozen,2024-07-22T17:55:53
69,35,savings,2023-10-30,frozen,2024-01-11T04:25:29
70,35,savings,2023-01-08,active,2023-03-01T05:25:07
71,36,credit,2023-06-15,active,2023-08-18T09:18:04
72,36,savings,2024-04-02,active,2024-06-06T02:30:11
73,36,credit,2024-02-05,closed,2024-03-08T07:30:20
74,37,savings,2024-11-18,closed,2025-01-18T19:36:40
75,37,savings,2024-01-13,frozen,2024-04-09T21:53:03
76,37,credit,2024-12-16,active,2025-02-15T16:54:10
77,38,checking,2024-02-05,frozen,2024-04-26T12:13:03
78,39,savings,2023-12-24,frozen,2024-02-07T04:25:00
79,40,checking,2025-04-12,closed,2025-05-15T02:33:02
80,40,savings,2024-01-21,active,2024-03-12T15:42:52
81,40,checking,2024-06-15,closed,2024-07-07T06:25:07
82,41,savings,2024-05-02,active,2024-07-14T14:01:31
83,41,checking,2024-02-22,closed,2024-05-19T23:52:20
84,42,credit,2025-02-14,active,2025-03-16T04:02:37
85,43,savings,2024-01-12,active,2024-02-10T00:31:15
86,43,checking,2023-11-11,closed,2023-12-26T23:41:06
87,43,checking,2023-08-31,active,2023-09-10T07:56:10
88,44,credit,2025-02-04,active,2025-04-14T07:52:38
89,44,savings,2023-03-07,frozen,2023-05-25T15:41:00
90,44,savings,2024-05-04,closed,2024-06-08T23:35:40
91,45,credit,2023-10-12,frozen,2023-12-01T01:57:25
92,45,credit,2023-12-12,active,2023-12-18T00:13:08
93,46,savings,2024-10-19,closed,2024-10-23T09:08:23
94,46,savings,2025-02-19,frozen,2025-05-17T13:38:01
95,46,savings,2023-09-29,active,2023-12-27T13:01:47
96,47,savings,2024-12-15,closed,2024-12-16T16:40:29
97,47,credit,2023-01-19,active,2023-03-08T08:40:50
98,47,checking,2025-06-21,frozen,2025-08-06T13:33:23
99,48,checking,2024-02-08,closed,2024-03-12T10:20:47
100,48,savings,2024-01-04,frozen,2024-03-22T09:11:18
101,48,savings,2024-06-16,active,2024-08-18T23:33:47
102,49,savings,2023-11-24,closed,2024-01-10T01:13:11
103,49,savings,2024-07-21,frozen,2024-09-16T03:05:37
104,50,checking,2025-06-06,closed,2025-09-01T15:41:54
105,51,credit,2023-06-05,frozen,2023-07-05T03:24:49
106,52,savings,2024-11-02,active,2024-11-20T10:16:58
107,52,savings,2023-08-21,active,2023-09-12T07:33:20
108,52,savings,2024-10-16,active,2025-01-04T19:25:46
109,53,credit,2025-04-09,frozen,2025-06-10T12:18:49
110,53,savings,2024-04-11,closed,2024-06-22T02:05:06
111,53,savings,2023-03-16,active,2023-06-12T02:43:54
112,54,checking,2023-04-04,frozen,2023-06-03T06:19:06
113,55,savings,2023-05-30,closed,2023-07-11T14:23:40
114,55,savings,2024-02-08,frozen,2024-04-19T12:53:41
115,55,savings,2025-05-16,frozen,2025-05-18T00:47:20
116,56,savings,2023-07-08,closed,2023-09-23T08:03:40
117,56,credit,2023-11-06,closed,2024-01-28T01:41:45
118,57,checking,2025-04-16,frozen,2025-05-31T10:25:59
119,57,credit,2024-05-20,closed,2024-07-21T00:14:39
120,57,checking,2024-11-25,frozen,2025-02-11T06:45:44
121,58,credit,2024-12-21,active,2025-01-11T09:55:50
122,58,savings,2024-06-08,closed,2024-08-25T02:44:52
123,59,checking,2024-09-20,active,2024-10-10T19:01:14
124,59,checking,2024-06-17,frozen,2024-07-27T19:17:12
125,59,credit,2024-03-28,frozen,2024-06-13T14:33:07
126,60,savings,2024-09-06,frozen,2024-10-22T07:38:35
127,60,credit,2025-06-30,frozen,2025-08-21T17:57:18
128,60,checking,2023-09-17,active,2023-10-03T22:04:16
129,61,credit,2023-12-31,frozen,2024-03-29T11:32:08
130,61,checking,2023-05-05,active,2023-06-24T09:01:47
131,61,checking,2023-06-10,active,2023-08-09T00:27:56
132,62,checking,2023-03-25,frozen,2023-05-31T14:45:28
133,62,checking,2023-05-10,frozen,2023-07-28T07:49:47
134,62,checking,2023-08-30,closed,2023-10-18T05:02:52
135,63,checking,2023-12-23,closed,2024-01-28T07:00:35
136,63,credit,2024-11-19,active,2024-12-05T10:13:05
137,64,checking,2023-09-23,active,2023-12-16T00:43:36
138,64,savings,2024-07-08,frozen,2024-09-05T08:00:20
139,64,savings,2025-04-19,closed,2025-06-14T18:26:17
140,65,checking,2025-04-17,closed,2025-07-02T18:05:52
141,66,savings,2025-05-26,closed,2025-08-15T02:51:56
142,66,savings,2025-04-09,frozen,2025-06-09T04:54:53
143,67,checking,2023-12-19,frozen,2024-01-27T19:57:43
144,67,savings,2024-07-22,frozen,2024-08-10T05:23:26
145,67,checking,2024-04-16,active,2024-06-21T14:01:07
146,68,savings,2024-06-18,frozen,2024-08-25T04:57:32
147,69,savings,2025-02-03,frozen,2025-02-04T04:32:28
148,70,credit,2024-03-31,active,2024-03-31T00:56:47
149,70,savings,2025-05-01,active,2025-06-22T14:49:55
150,71,savings,2024-11-10,active,2024-11-30T00:30:23
151,71,savings,2024-08-28,active,2024-09-30T09:56:11
152,71,savings,2023-05-04,closed,2023-06-03T01:09:10
153,72,savings,2024-02-27,closed,2024-05-05T07:51:58
154,72,savings,2024-02-22,active,2024-03-01T14:24:41
155,72,checking,2023-10-11,frozen,2023-10-25T08:37:57
156,73,credit,2024-12-08,frozen,2025-01-11T08:25:04
157,73,checking,2025-02-03,frozen,2025-02-05T06:56:27
158,73,checking,2023-08-25,closed,2023-08-27T08:32:14
159,74,savings,2023-06-08,frozen,2023-06-24T21:01:55
160,75,credit,2024-11-12,active,2024-12-11T01:21:24
161,75,checking,2023-05-21,active,2023-07-23T02:47:14
162,75,savings,2023-12-04,frozen,2024-01-12T09:21:31
163,76,savings,2024-07-30,closed,2024-08-03T22:41:12
164,76,checking,2024-05-28,active,2024-06-04T00:33:43
165,77,checking,2024-09-01,closed,2024-10-31T14:32:39
166,77,checking,2023-10-10,frozen,2023-11-27T02:40:41
167,78,credit,2023-07-09,active,2023-08-27T11:03:22
168,79,credit,2024-01-19,active,2024-02-13T22:52:27
169,79,credit,2024-12-16,active,2025-02-20T21:09:37
170,80,savings,2023-11-20,frozen,2024-02-15T19:28:20
171,80,savings,2024-04-29,active,2024-07-18T20:16:49
172,80,credit,2023-03-07,closed,2023-05-12T12:48:17
173,81,savings,2024-01-29,closed,2024-03-07T12:11:00
174,82,checking,2024-07-13,closed,2024-08-09T21:40:46
175,83,credit,2024-01-02,frozen,2024-02-12T13:26:38
176,84,savings,2023-09-17,closed,2023-10-02T23:38:46
177,85,checking,2024-01-13,active,2024-03-27T15:01:38
178,85,credit,2025-01-08,closed,2025-01-27T07:22:30
179,86,checking,2023-05-20,active,2023-07-22T00:03:09
180,86,credit,2023-05-22,closed,2023-07-04T23:41:48
181,87,checking,2023-04-04,frozen,2023-06-25T06:54:48
182,87,credit,2023-08-28,closed,2023-09-10T02:29:42
183,87,savings,2023-07-15,active,2023-08-24T11:11:15
184,88,savings,2024-06-23,closed,2024-07-17T12:56:37
185,88,credit,2023-02-03,frozen,2023-03-20T04:05:28
186,88,savings,2023-07-29,active,2023-09-29T07:10:46
187,89,credit,2024-11-10,frozen,2025-01-18T15:10:56
188,89,checking,2025-01-31,closed,2025-02-23T07:57:14
189,89,savings,2025-04-24,frozen,2025-06-22T11:38:34
190,90,checking,2025-05-11,active,2025-07-17T10:00:56
191,90,savings,2023-08-29,frozen,2023-10-01T19:46:07
192,91,savings,2024-07-24,active,2024-10-13T06:57:13
193,91,savings,2025-02-24,closed,2025-03-19T23:28:17
194,91,credit,2023-01-30,frozen,2023-04-19T01:55:36
195,92,credit,2024-05-13,active,2024-08-05T04:20:32
196,93,checking,2024-08-24,closed,2024-11-19T22:42:20
197,93,credit,2025-02-11,active,2025-04-30T21:58:37
198,93,savings,2024-03-15,frozen,2024-06-05T19:49:02
199,94,checking,2023-06-21,closed,2023-09-13T14:24:05
200,94,checking,2023-04-14,active,2023-05-06T14:00:17
201,95,checking,2023-11-10,frozen,2023-12-04T22:03:08
202,96,credit,2023-02-19,closed,2023-04-09T10:13:45
203,97,credit,2025-01-31,closed,2025-04-30T01:09:18
204,97,checking,2024-02-02,frozen,2024-03-01T14:04:48
205,97,checking,2023-04-21,active,2023-07-13T02:22:22
206,98,savings,2023-05-05,closed,2023-05-12T05:00:20
207,98,credit,2024-07-14,closed,2024-09-05T16:17:54
208,99,credit,2023-04-01,frozen,2023-06-07T13:34:56
209,99,credit,2023-03-05,active,2023-04-12T03:39:33
210,100,credit,2023-12-02,active,2023-12-14T09:20:15
211,101,credit,2023-12-25,frozen,2024-01-18T20:58:31
212,101,credit,2023-10-28,closed,2023-11-28T00:00:53
213,101,credit,2025-06-04,active,2025-08-14T12:10:18
214,102,savings,2025-05-17,closed,2025-05-30T01:01:38
215,102,savings,2025-06-14,closed,2025-08-11T15:51:04
216,102,checking,2024-10-25,active,2024-11-17T10:30:34
217,103,credit,2024-09-15,frozen,2024-12-08T19:08:11
218,103,credit,2023-09-03,closed,2023-10-29T17:14:44
219,103,savings,2024-07-01,closed,2024-08-11T07:35:36
220,104,credit,2024-10-02,frozen,2024-11-12T13:16:19
221,104,credit,2024-01-09,closed,2024-02-05T22:47:14
222,105,credit,2025-05-04,frozen,2025-06-19T18:23:08
223,105,savings,2024-12-03,frozen,2024-12-03T18:49:26
224,106,savings,2023-02-23,closed,2023-02-25T20:19:35
225,106,checking,2025-03-15,frozen,2025-03-15T01:52:32
226,106,checking,2024-04-11,active,2024-05-21T13:15:41
227,107,credit,2024-03-04,closed,2024-05-14T16:25:39
228,108,checking,2025-06-06,active,2025-06-10T23:14:01
229,108,savings,2024-12-16,active,2025-01-02T03:49:49
230,108,savings,2024-02-16,closed,2024-03-18T15:28:31
231,109,savings,2024-02-03,active,2024-04-16T01:27:45
232,110,checking,2025-06-03,closed,2025-06-12T00:16:42
233,110,savings,2024-05-19,active,2024-07-20T09:23:49
234,111,checking,2025-06-14,closed,2025-09-04T03:30:11
235,111,checking,2024-04-11,closed,2024-06-23T15:28:20
236,111,checking,2024-08-15,active,2024-09-26T17:04:12
237,112,savings,2024-11-05,active,2024-12-04T16:02:29
238,112,credit,2023-01-18,closed,2023-03-07T18:18:16
239,113,credit,2024-04-18,active,2024-05-28T11:08:54
240,114,checking,2025-05-27,frozen,2025-07-30T13:28:45
241,114,checking,2023-12-09,active,2024-03-04T23:54:55
242,114,savings,2024-09-02,closed,2024-11-14T07:43:43
243,115,checking,2023-05-20,frozen,2023-06-26T22:32:09
244,115,checking,2024-09-04,active,2024-10-17T13:24:17
245,115,savings,2023-05-09,closed,2023-05-15T05:30:17
246,116,savings,2024-09-12,active,2024-11-02T02:55:49
247,116,savings,2025-02-18,closed,2025-03-06T13:19:18
248,116,savings,2023-07-29,closed,2023-08-23T12:20:47
249,117,credit,2024-09-06,closed,2024-10-01T02:33:11
250,117,credit,2025-05-21,closed,2025-07-27T17:50:41
251,118,checking,2024-01-12,frozen,2024-03-07T10:09:41
252,119,checking,2025-06-13,active,2025-09-06T19:30:59
253,119,savings,2024-10-04,frozen,2024-11-17T11:27:23
254,120,savings,2024-05-13,closed,2024-08-04T05:59:34
255,121,checking,2024-04-18,frozen,2024-07-05T12:28:13
256,122,savings,2023-08-15,active,2023-09-13T12:30:24
257,122,credit,2023-11-07,frozen,2023-11-26T04:48:15
258,123,checking,2023-05-14,closed,2023-05-20T07:23:39
259,123,credit,2024-01-13,active,2024-02-18T13:29:51
260,123,savings,2023-01-22,closed,2023-02-05T08:00:51
261,124,savings,2024-11-30,active,2025-01-11T03:30:41
262,124,credit,2023-11-21,closed,2023-12-18T16:26:25
263,125,credit,2025-04-28,frozen,2025-07-07T20:10:16
264,126,credit,2023-08-08,closed,2023-11-01T13:48:49
265,126,savings,2023-01-29,closed,2023-04-23T13:34:24
266,127,savings,2023-03-09,active,2023-03-16T13:07:36
267,127,checking,2024-03-17,closed,2024-06-04T04:47:32
268,127,checking,2024-02-26,frozen,2024-05-19T10:06:20
269,128,savings,2023-04-14,closed,2023-05-18T10:56:44
270,129,checking,2024-07-13,active,2024-08-19T13:56:34
271,129,checking,2024-08-23,frozen,2024-10-27T10:37:49
272,129,savings,2023-06-04,frozen,2023-08-19T17:29:43
273,130,checking,2023-05-17,active,2023-07-20T17:38:54
274,130,credit,2024-12-12,closed,2024-12-14T10:57:55
275,130,checking,2023-03-03,closed,2023-04-11T18:04:37
276,131,savings,2025-01-31,closed,2025-02-20T02:01:13
277,131,savings,2023-01-29,closed,2023-03-15T12:57:58
278,132,checking,2024-04-14,closed,2024-05-19T15:32:17
279,132,credit,2023-04-07,frozen,2023-05-26T07:53:20
280,133,savings,2025-05-12,active,2025-05-31T01:38:18
281,134,credit,2024-09-02,active,2024-09-13T06:22:57
282,134,credit,2024-08-16,closed,2024-11-02T17:42:51
283,135,savings,2023-12-20,active,2024-03-02T07:07:46
284,135,savings,2023-08-26,frozen,2023-11-11T06:54:04
285,135,savings,2024-05-26,closed,2024-06-11T12:37:29
286,136,credit,2023-08-04,closed,2023-10-30T06:30:26
287,137,savings,2023-08-03,closed,2023-11-01T13:06:02
288,138,savings,2023-07-30,active,2023-10-21T02:34:42
289,138,checking,2025-05-27,frozen,2025-06-04T10:55:16
290,138,credit,2025-05-15,closed,2025-05-30T19:09:08
291,139,checking,2024-05-08,closed,2024-05-11T08:53:46
292,140,savings,2024-10-05,frozen,2024-11-30T04:32:08
293,140,checking,2024-03-01,active,2024-03-14T07:51:39
294,141,checking,2023-10-14,closed,2023-12-31T23:50:55
295,142,credit,2025-05-30,active,2025-08-14T20:53:55
296,142,checking,2023-12-27,closed,2023-12-30T16:23:32
297,143,credit,2023-05-04,frozen,2023-05-21T11:03:31
298,143,credit,2025-02-19,frozen,2025-05-13T08:01:04
299,144,savings,2023-10-13,frozen,2023-12-12T19:08:24
300,144,checking,2023-08-02,active,2023-08-30T14:50:45
301,145,checking,2024-09-26,frozen,2024-11-17T17:18:28
302,146,checking,2023-11-12,active,2023-12-04T02:11:01
303,147,credit,2025-01-31,frozen,2025-03-30T02:23:42
304,147,savings,2024-01-19,frozen,2024-01-24T08:46:06
305,148,credit,2024-08-13,frozen,2024-10-02T21:22:36
306,148,credit,2025-06-07,closed,2025-08-13T11:15:42
307,148,credit,2023-03-01,active,2023-04-27T19:49:49
308,149,checking,2023-03-07,closed,2023-05-14T21:22:47
309,149,credit,2024-09-06,active,2024-11-16T13:27:15
310,150,credit,2025-03-12,active,2025-04-05T18:35:50
311,150,savings,2024-03-28,frozen,2024-05-05T07:57:12
312,151,checking,2024-12-17,frozen,2025-01-23T16:16:08
313,151,credit,2023-03-26,closed,2023-04-13T17:38:49
314,152,checking,2024-12-02,closed,2025-02-04T16:31:31
315,152,checking,2023-06-25,closed,2023-09-22T19:20:33
316,153,savings,2023-07-30,frozen,2023-09-09T04:35:54
317,153,checking,2024-12-01,active,2025-01-28T10:14:35
318,153,savings,2023-11-10,active,2023-12-12T16:34:14
319,154,credit,2023-09-12,closed,2023-09-27T18:08:25
320,154,checking,2023-05-22,closed,2023-07-18T15:51:21
321,155,checking,2024-07-17,closed,2024-10-15T19:30:37
322,155,credit,2024-08-19,closed,2024-11-05T15:48:54
323,155,savings,2023-09-06,closed,2023-10-24T09:29:30
324,156,savings,2023-09-23,closed,2023-12-16T11:03:13
325,157,checking,2023-09-09,active,2023-09-15T20:25:27
326,158,savings,2024-04-23,closed,2024-06-19T13:23:29
327,158,credit,2024-03-24,active,2024-04-08T14:31:07
328,159,checking,2023-11-12,closed,2023-12-14T02:51:35
329,160,savings,2024-12-13,frozen,2025-02-20T11:26:15
330,161,checking,2025-02-05,active,2025-04-21T13:46:32
331,162,savings,2025-01-08,frozen,2025-03-05T23:49:42
332,162,credit,2023-05-04,closed,2023-05-04T08:25:47
333,162,credit,2024-01-16,frozen,2024-04-04T03:34:05
334,163,checking,2025-05-16,active,2025-06-08T02:55:12
335,163,checking,2023-08-19,closed,2023-10-02T07:23:26
336,163,checking,2023-02-27,active,2023-05-23T01:03:36
337,164,savings,2024-04-08,active,2024-04-14T14:42:26
338,164,savings,2023-06-19,active,2023-07-09T03:37:32
339,164,credit,2024-03-17,closed,2024-06-13T18:28:30
340,165,credit,2025-06-08,active,2025-08-05T00:14:28
341,165,savings,2025-06-18,active,2025-06-29T09:25:40
342,165,savings,2024-04-09,frozen,2024-05-27T22:30:25
343,166,credit,2024-10-25,active,2024-12-01T19:47:14
344,167,checking,2023-07-29,closed,2023-09-02T00:13:50
345,167,credit,2024-05-26,frozen,2024-08-01T09:47:00
346,168,credit,2023-11-21,active,2023-12-04T17:59:07
347,169,checking,2025-04-01,frozen,2025-06-28T16:33:33
348,169,savings,2024-03-22,closed,2024-05-01T03:07:07
349,169,credit,2024-02-08,closed,2024-04-27T08:49:40
350,170,credit,2023-07-21,closed,2023-09-22T12:03:22
351,170,credit,2025-03-18,closed,2025-05-20T08:02:11
352,171,credit,2023-10-07,active,2024-01-05T11:25:39
353,171,checking,2024-03-27,active,2024-04-11T06:10:47
354,172,credit,2024-12-23,active,2025-01-18T04:11:33
355,173,savings,2024-10-06,active,2024-11-17T02:36:17
356,173,credit,2024-06-27,closed,2024-07-24T03:53:54
357,173,credit,2023-01-18,active,2023-04-16T13:11:33
358,174,checking,2024-01-31,frozen,2024-03-09T05:22:21
359,174,credit,2025-02-26,frozen,2025-02-26T02:45:30
360,175,savings,2024-06-01,frozen,2024-08-12T17:41:12
361,176,checking,2023-02-15,active,2023-03-29T05:34:28
362,176,credit,2024-06-08,frozen,2024-08-07T23:11:56
363,176,credit,2023-02-25,active,2023-04-27T05:42:27
364,177,credit,2024-12-16,frozen,2025-02-13T13:04:52
365,178,credit,2023-03-29,frozen,2023-06-09T00:39:43
366,178,credit,2024-05-05,closed,2024-05-07T02:47:54
367,179,credit,2025-06-15,frozen,2025-07-30T22:56:39
368,180,savings,2023-08-20,active,2023-10-02T22:29:25
369,181,checking,2025-04-09,closed,2025-06-25T23:08:51
370,181,checking,2024-08-28,closed,2024-09-11T04:05:00
371,182,credit,2024-05-03,active,2024-06-06T13:23:14
372,182,checking,2024-10-04,frozen,2024-11-03T22:10:33
373,183,savings,2024-12-03,active,2025-02-08T00:17:20
374,183,checking,2024-04-14,active,2024-05-31T15:14:35
375,184,checking,2023-11-10,frozen,2024-01-13T22:46:29
376,185,credit,2025-01-19,active,2025-02-12T18:59:16
377,186,credit,2025-01-21,closed,2025-03-01T01:08:25
378,186,checking,2024-05-23,active,2024-07-28T12:02:36
379,187,checking,2023-07-26,closed,2023-07-30T04:03:15
380,187,savings,2024-12-14,closed,2025-02-18T14:29:44
381,187,checking,2023-06-29,frozen,2023-07-04T22:40:43
382,188,savings,2023-05-16,frozen,2023-05-21T06:25:28
383,188,credit,2023-06-10,closed,2023-07-19T03:57:07
384,188,credit,2023-02-04,frozen,2023-04-26T22:07:29
385,189,checking,2024-05-13,active,2024-06-18T11:17:14
386,190,savings,2025-04-06,frozen,2025-06-30T20:40:49
387,190,savings,2023-07-02,active,2023-07-22T18:20:28
388,191,checking,2023-06-27,closed,2023-09-06T19:23:34
389,191,checking,2025-03-09,active,2025-05-17T13:34:14
390,192,savings,2025-05-03,frozen,2025-05-21T09:50:10
391,192,credit,2024-03-16,active,2024-04-06T00:59:06
392,193,credit,2024-04-28,frozen,2024-07-06T16:59:48
393,194,checking,2023-03-20,active,2023-05-19T19:12:33
394,194,checking,2023-03-20,frozen,2023-03-26T09:08:11
395,195,savings,2024-10-24,active,2025-01-22T11:47:43
396,196,credit,2024-11-23,frozen,2025-01-01T13:58:50
397,196,checking,2024-05-31,closed,2024-08-24T06:14:18
398,196,checking,2025-04-08,frozen,2025-06-19T17:45:35
399,197,credit,2023-05-25,frozen,2023-06-06T08:09:57
400,198,credit,2024-04-27,closed,2024-07-26T04:14:26
401,198,savings,2024-12-23,active,2025-01-20T23:14:29
402,199,savings,2024-02-05,frozen,2024-02-28T20:54:15
403,200,savings,2024-05-28,frozen,2024-07-29T03:31:07
404,200,checking,2023-02-17,frozen,2023-03-03T00:19:43
405,200,savings,2024-06-29,frozen,2024-07-20T22:39:48
406,201,credit,2024-06-25,closed,2024-07-11T13:19:32
407,201,checking,2025-02-28,frozen,2025-03-13T01:44:10
408,202,credit,2025-05-13,active,2025-06-20T22:46:10
409,202,savings,2025-04-07,frozen,2025-06-21T14:11:39
410,203,credit,2024-01-06,active,2024-03-16T14:43:53
411,203,savings,2023-09-05,frozen,2023-09-13T00:42:21
412,204,credit,2023-11-20,closed,2024-01-14T11:40:50
413,204,credit,2024-11-07,frozen,2025-01-15T07:09:45
414,205,checking,2024-01-02,closed,2024-03-27T20:28:16
415,205,credit,2023-05-02,closed,2023-07-14T00:06:49
416,205,checking,2025-01-25,closed,2025-04-11T22:53:34
417,206,credit,2024-05-20,active,2024-07-15T10:58:28
418,206,savings,2023-10-01,frozen,2023-10-09T16:14:34
419,207,credit,2023-06-18,closed,2023-08-05T22:17:37
420,207,savings,2024-05-23,closed,2024-08-15T14:39:50
421,207,checking,2023-04-06,active,2023-04-23T12:13:24
422,208,checking,2023-01-01,closed,2023-01-20T06:52:21
423,208,credit,2024-12-04,frozen,2025-01-22T16:06:37
424,208,savings,2025-06-16,active,2025-07-12T18:50:41
425,209,savings,2024-05-06,closed,2024-07-31T19:37:06
426,209,savings,2024-04-18,closed,2024-06-01T02:27:06
427,209,credit,2023-05-19,active,2023-08-05T16:52:32
428,210,checking,2024-09-19,frozen,2024-09-26T21:34:18
429,210,credit,2024-07-27,active,2024-07-27T13:37:37
430,210,savings,2025-05-19,active,2025-06-24T23:26:28
431,211,savings,2024-01-01,closed,2024-03-16T10:25:35
432,212,credit,2024-05-09,frozen,2024-06-29T04:38:44
433,212,savings,2024-08-15,closed,2024-09-11T17:46:33
434,213,savings,2023-09-27,active,2023-10-21T09:11:50
435,213,savings,2025-05-12,frozen,2025-07-04T19:37:02
436,213,savings,2023-08-28,closed,2023-09-13T15:30:05
437,214,checking,2023-01-19,closed,2023-01-21T00:34:55
438,215,credit,2025-01-26,frozen,2025-02-12T01:32:27
439,216,credit,2023-08-02,frozen,2023-09-29T03:56:32
440,217,credit,2024-10-23,active,2024-12-20T07:24:06
441,217,savings,2025-03-02,closed,2025-04-28T08:21:52
442,217,savings,2024-08-20,active,2024-09-12T15:12:15
443,218,credit,2023-01-12,frozen,2023-02-11T13:00:36
444,218,savings,2025-02-18,frozen,2025-04-28T09:48:20
445,219,checking,2024-07-24,active,2024-10-04T01:38:03
446,219,credit,2025-01-20,frozen,2025-02-03T17:32:30
447,219,savings,2025-06-20,closed,2025-06-30T09:59:17
448,220,savings,2025-03-28,frozen,2025-06-02T17:54:52
449,221,credit,2025-03-24,active,2025-04-24T00:09:19
450,222,credit,2023-05-02,closed,2023-07-10T07:06:17
451,222,savings,2025-06-19,closed,2025-06-25T10:06:52
452,223,checking,2025-04-11,frozen,2025-06-08T03:29:08
453,223,savings,2025-03-07,closed,2025-04-18T09:27:57
454,224,savings,2024-07-02,frozen,2024-07-23T05:36:27
455,224,credit,2023-02-24,closed,2023-04-03T21:03:27
456,225,savings,2025-05-25,active,2025-08-13T16:29:35
457,225,credit,2025-01-05,active,2025-03-19T00:42:11
458,225,credit,2023-03-22,frozen,2023-06-09T04:31:43
459,226,savings,2024-03-21,active,2024-04-06T13:15:45
460,227,savings,2023-04-30,frozen,2023-05-16T09:37:57
461,227,savings,2024-03-12,frozen,2024-03-13T11:23:34
462,227,credit,2023-06-23,active,2023-09-06T06:51:47
463,228,credit,2023-08-23,frozen,2023-10-09T18:44:38
464,228,savings,2023-09-30,closed,2023-10-30T11:21:44
465,228,checking,2025-01-23,closed,2025-01-27T07:04:21
466,229,checking,2023-05-12,closed,2023-05-31T02:42:52
467,229,savings,2025-02-09,frozen,2025-03-11T10:17:30
468,230,credit,2024-11-14,closed,2024-12-05T19:17:11
469,230,credit,2023-11-24,closed,2024-01-07T13:18:33
470,230,credit,2023-03-26,frozen,2023-04-09T09:24:43
471,231,savings,2023-09-18,frozen,2023-11-17T08:35:44
472,232,credit,2025-01-09,closed,2025-02-07T20:29:32
473,232,credit,2024-08-12,closed,2024-09-30T23:59:59
474,233,checking,2024-02-12,closed,2024-04-07T23:22:31
475,233,savings,2023-01-19,frozen,2023-03-08T10:17:10
476,234,credit,2024-05-05,closed,2024-05-10T09:43:29
477,234,credit,2023-06-01,closed,2023-07-16T06:00:17
478,234,credit,2024-11-01,closed,2024-12-05T18:08:39
479,235,savings,2024-02-24,active,2024-03-27T22:29:17
480,235,savings,2025-06-26,frozen,2025-09-20T11:41:27
481,236,credit,2024-01-11,closed,2024-03-26T14:50:39
482,236,credit,2023-10-30,frozen,2024-01-24T19:21:22
483,236,savings,2023-10-07,closed,2023-10-08T11:46:44
484,237,checking,2023-01-14,active,2023-03-07T04:00:51
485,237,credit,2023-06-01,active,2023-08-27T18:28:25
486,237,savings,2024-11-23,active,2024-12-29T17:55:49
487,238,checking,2023-10-27,active,2024-01-14T22:31:36
488,238,checking,2023-05-23,closed,2023-08-15T19:49:10
489,239,credit,2023-07-09,active,2023-07-20T04:39:54
490,240,savings,2023-07-21,closed,2023-10-11T19:17:36
491,240,checking,2025-05-29,active,2025-08-26T08:34:28
492,240,savings,2023-10-14,frozen,2023-12-12T05:49:20
493,241,credit,2023-04-28,frozen,2023-06-02T14:49:44
494,241,credit,2024-10-25,closed,2024-12-05T07:05:41
495,241,checking,2024-02-04,active,2024-03-10T18:12:13
496,242,savings,2024-08-17,frozen,2024-08-24T15:46:52
497,243,checking,2024-02-16,frozen,2024-02-24T03:25:15
498,243,checking,2025-02-02,closed,2025-03-24T20:43:00
499,244,checking,2025-02-03,active,2025-04-13T09:13:32
500,245,credit,2023-12-06,closed,2023-12-19T06:02:19
501,245,credit,2024-11-16,frozen,2024-11-29T23:21:33
502,246,checking,2023-04-24,closed,2023-05-26T06:38:10
503,247,savings,2023-01-30,active,2023-04-23T03:36:07
504,247,checking,2023-01-02,closed,2023-02-20T08:20:52
505,248,credit,2023-08-24,frozen,2023-10-13T12:20:10
506,248,checking,2025-06-11,closed,2025-09-09T16:08:29
507,249,savings,2025-01-12,frozen,2025-01-20T18:19:47
508,249,checking,2025-04-19,active,2025-06-07T01:27:29
509,250,checking,2025-01-18,closed,2025-03-27T20:44:09
510,250,savings,2024-07-11,closed,2024-08-18T13:26:42
511,250,checking,2024-09-14,closed,2024-12-05T08:00:08
512,251,credit,2024-07-21,frozen,2024-07-31T13:26:06
513,252,credit,2024-03-26,active,2024-04-17T10:26:33
514,252,checking,2025-05-11,frozen,2025-08-03T08:20:38
515,253,credit,2024-04-09,frozen,2024-04-22T06:41:38
516,254,savings,2024-07-12,active,2024-09-30T02:13:31
517,254,credit,2024-11-11,active,2024-11-28T09:13:03
518,254,checking,2023-02-25,active,2023-05-11T10:55:43
519,255,savings,2025-01-29,active,2025-04-08T23:54:41
520,256,savings,2024-04-23,closed,2024-06-19T01:02:19
521,256,checking,2023-01-26,frozen,2023-02-02T12:07:05
522,256,credit,2024-06-08,active,2024-07-29T15:03:43
523,257,credit,2023-11-25,closed,2024-01-30T19:56:03
524,258,checking,2025-04-13,closed,2025-06-26T12:27:31
525,258,checking,2023-12-28,active,2024-01-15T22:20:05
526,259,savings,2023-01-30,closed,2023-02-04T14:43:13
527,259,credit,2024-01-12,closed,2024-01-28T23:51:40
528,260,credit,2023-09-25,active,2023-11-03T13:54:30
529,261,credit,2024-12-09,active,2025-02-22T15:47:39
530,262,checking,2023-06-15,frozen,2023-08-30T04:18:52
531,263,checking,2023-12-09,active,2024-02-01T15:32:23
532,263,credit,2024-06-08,closed,2024-07-29T01:03:45
533,263,checking,2024-05-18,closed,2024-07-30T16:21:17
534,264,savings,2023-08-02,active,2023-08-07T08:00:40
535,264,savings,2023-09-27,active,2023-10-12T10:35:49
536,264,checking,2024-03-01,frozen,2024-03-22T11:29:04
537,265,credit,2024-07-28,active,2024-09-22T15:53:27
538,265,credit,2024-01-14,active,2024-01-31T11:43:45
539,265,credit,2023-06-05,closed,2023-07-23T07:04:17
540,266,savings,2023-01-25,active,2023-01-25T06:44:26
541,267,checking,2023-10-06,closed,2023-12-28T16:59:45
542,268,savings,2024-03-16,closed,2024-05-15T18:16:43
543,268,checking,2023-07-17,active,2023-10-06T02:53:32
544,268,credit,2024-02-25,frozen,2024-04-17T21:44:19
545,269,credit,2023-09-29,closed,2023-10-03T03:39:21
546,270,credit,2023-10-07,frozen,2023-12-24T14:54:13
547,270,credit,2023-05-17,frozen,2023-06-30T17:40:04
548,270,checking,2024-10-12,closed,2024-11-11T13:28:08
549,271,credit,2023-07-02,active,2023-09-19T13:00:32
550,272,credit,2025-04-18,active,2025-06-16T10:19:31
551,272,savings,2023-11-20,active,2023-12-14T06:51:17
552,273,credit,2023-08-20,frozen,2023-10-22T19:13:42
553,274,credit,2023-09-06,active,2023-09-12T04:16:09
554,275,savings,2024-07-19,active,2024-09-12T18:06:06
555,275,savings,2024-01-26,closed,2024-03-24T12:11:31
556,275,checking,2023-03-09,closed,2023-03-15T06:59:34
557,276,checking,2023-10-01,active,2023-12-02T05:33:55
558,276,checking,2025-03-10,active,2025-04-09T21:00:07
559,276,credit,2024-11-22,closed,2025-01-02T00:07:29
560,277,credit,2023-11-05,closed,2023-12-16T17:59:20
561,277,checking,2023-12-24,frozen,2024-01-22T09:22:44
562,278,credit,2024-01-04,frozen,2024-01-29T08:24:47
563,279,checking,2023-12-09,frozen,2024-02-21T18:54:14
564,279,checking,2025-01-22,frozen,2025-02-09T12:01:43
565,280,checking,2024-12-07,frozen,2025-01-23T19:17:21
566,281,credit,2024-12-12,active,2025-03-02T01:47:28
567,282,checking,2024-02-23,frozen,2024-03-10T22:56:27
568,282,credit,2023-02-19,closed,2023-02-26T20:34:23
569,283,checking,2023-08-01,frozen,2023-09-28T01:08:41
570,283,checking,2024-10-11,frozen,2024-11-08T16:30:52
571,284,credit,2023-09-01,closed,2023-09-22T13:29:05
572,284,credit,2025-06-17,active,2025-06-28T01:55:46
573,285,savings,2025-03-21,active,2025-06-04T12:57:00
574,285,savings,2025-01-05,frozen,2025-01-06T12:56:56
575,286,credit,2024-10-27,active,2024-11-27T01:06:40
576,286,savings,2024-05-23,closed,2024-06-20T10:28:38
577,286,credit,2023-08-20,active,2023-10-12T09:59:34
578,287,savings,2023-03-04,closed,2023-05-07T05:29:44
579,288,credit,2024-10-23,frozen,2024-12-23T07:09:30
580,289,savings,2023-06-02,frozen,2023-07-02T05:40:30
581,289,credit,2023-05-10,active,2023-08-06T01:52:35
582,289,checking,2024-09-23,active,2024-11-07T15:49:14
583,290,credit,2024-01-07,active,2024-01-09T08:53:31
584,290,credit,2025-01-15,frozen,2025-02-04T07:36:17
585,291,credit,2024-12-14,closed,2025-02-26T11:18:18
586,291,savings,2023-02-07,frozen,2023-02-24T22:12:00
587,291,checking,2024-09-21,frozen,2024-12-10T16:55:48
588,292,credit,2023-01-03,active,2023-02-21T02:50:25
589,292,credit,2024-06-01,active,2024-07-08T03:38:25
590,293,credit,2024-02-24,closed,2024-05-03T02:28:37
591,293,checking,2025-06-12,closed,2025-06-22T14:06:18
592,294,credit,2024-06-05,active,2024-08-09T11:36:16
593,294,checking,2024-07-19,active,2024-09-06T10:33:00
594,294,savings,2024-07-21,closed,2024-07-26T22:12:54
595,295,checking,2024-07-23,closed,2024-10-02T05:36:44
596,295,credit,2023-04-15,closed,2023-05-11T02:09:41
597,296,checking,2024-06-04,closed,2024-06-18T07:05:00
598,297,credit,2025-01-13,closed,2025-04-12T07:31:45
599,297,credit,2023-11-22,active,2024-01-02T21:41:10
600,297,savings,2024-07-01,closed,2024-09-26T22:02:38
601,298,checking,2024-03-06,active,2024-04-22T12:43:37
602,298,savings,2024-06-20,frozen,2024-08-23T06:58:47
603,299,savings,2023-07-10,closed,2023-09-16T14:56:21
604,299,savings,2025-04-07,frozen,2025-06-25T18:17:29
605,299,credit,2024-07-25,closed,2024-08-02T21:28:19
606,300,checking,2024-12-12,active,2025-01-31T06:47:04
607,301,checking,2024-03-23,active,2024-04-13T23:18:46
608,302,credit,2023-06-24,active,2023-08-26T00:34:44
609,302,checking,2023-08-22,closed,2023-11-10T18:58:28
610,303,savings,2024-03-31,closed,2024-06-08T10:08:56
611,304,savings,2025-01-06,frozen,2025-03-03T04:27:21
612,305,savings,2023-02-03,active,2023-02-11T08:55:05
613,305,checking,2023-02-04,closed,2023-04-27T05:35:04
614,305,savings,2024-06-05,closed,2024-07-18T18:24:57
615,306,savings,2024-05-21,closed,2024-08-14T21:35:05
616,306,credit,2025-04-03,frozen,2025-05-31T14:01:46
617,306,credit,2024-04-17,active,2024-05-26T09:00:40
618,307,checking,2024-02-08,frozen,2024-03-26T21:46:50
619,308,checking,2023-03-15,frozen,2023-04-20T12:10:40
620,308,checking,2024-12-09,closed,2024-12-29T06:10:23
621,309,savings,2025-04-11,active,2025-05-03T14:03:09
622,309,checking,2023-08-27,active,2023-09-10T10:19:41
623,309,savings,2023-03-05,closed,2023-03-21T22:14:14
624,310,savings,2024-02-09,active,2024-03-06T12:41:02
625,310,credit,2025-05-23,active,2025-08-16T19:02:39
626,311,checking,2024-06-18,frozen,2024-08-14T03:32:45
627,311,checking,2025-04-18,closed,2025-05-26T15:41:07
628,312,savings,2023-02-08,frozen,2023-02-26T17:16:44
629,313,checking,2024-05-12,active,2024-07-20T10:35:23
630,313,savings,2025-02-27,closed,2025-05-28T05:34:47
631,314,savings,2025-01-06,closed,2025-04-01T04:40:13
632,314,credit,2023-08-17,closed,2023-10-12T11:40:09
633,315,credit,2023-06-24,frozen,2023-06-29T11:25:47
634,315,credit,2023-08-05,closed,2023-08-19T14:04:37
635,316,savings,2023-02-08,closed,2023-03-08T12:26:48
636,316,savings,2024-11-23,active,2025-01-03T19:04:01
637,317,credit,2023-10-31,closed,2023-11-28T03:42:35
638,318,checking,2023-11-01,active,2024-01-08T00:48:33
639,318,credit,2024-11-22,closed,2024-12-03T23:52:51
640,319,checking,2024-09-04,frozen,2024-10-14T17:10:41
641,319,checking,2025-03-05,closed,2025-04-20T16:11:02
642,319,checking,2024-09-09,closed,2024-11-02T14:02:11
643,320,savings,2024-08-22,active,2024-09-27T19:19:18
644,320,savings,2024-06-19,frozen,2024-08-15T19:33:27
645,321,checking,2023-05-17,closed,2023-07-12T01:54:49
646,321,savings,2024-10-07,frozen,2024-10-27T15:03:19
647,321,credit,2024-10-20,frozen,2024-11-06T09:36:34
648,322,checking,2023-05-14,active,2023-06-21T17:13:10
649,322,credit,2025-01-07,frozen,2025-01-15T06:51:35
650,322,checking,2024-08-06,active,2024-09-27T17:48:39
651,323,savings,2024-02-29,active,2024-05-10T14:26:18
652,323,credit,2024-12-18,closed,2025-01-04T21:04:51
653,323,checking,2023-11-06,frozen,2023-12-13T12:51:37
654,324,checking,2025-02-01,frozen,2025-04-16T02:21:27
655,324,savings,2024-04-17,closed,2024-06-15T02:44:57
656,324,checking,2023-12-15,active,2024-01-03T18:43:14
657,325,credit,2024-04-11,closed,2024-06-10T07:07:35
658,325,credit,2023-07-12,closed,2023-08-17T21:39:04
659,326,savings,2023-10-06,closed,2023-12-27T15:29:03
660,326,checking,2024-01-16,active,2024-02-20T04:57:04
661,327,credit,2023-04-14,closed,2023-05-30T15:40:54
662,327,savings,2025-06-21,closed,2025-08-15T15:42:07
663,328,credit,2025-01-09,active,2025-02-25T12:05:02
664,328,credit,2025-03-07,closed,2025-03-09T04:20:57
665,329,credit,2023-09-10,active,2023-09-28T23:23:05
666,329,savings,2024-05-11,closed,2024-05-28T14:34:32
667,330,checking,2023-09-11,frozen,2023-10-27T16:35:43
668,330,credit,2024-10-13,frozen,2024-10-19T16:36:56
669,331,credit,2024-03-29,closed,2024-04-07T02:01:32
670,331,checking,2025-03-09,closed,2025-04-01T06:19:53
671,332,credit,2023-09-17,frozen,2023-10-27T15:16:43
672,333,savings,2024-04-12,closed,2024-07-10T16:47:21
673,333,checking,2024-07-17,closed,2024-09-29T03:49:30
674,333,checking,2024-06-30,active,2024-07-17T05:41:34
675,334,savings,2024-03-13,frozen,2024-05-04T04:00:52
676,334,checking,2024-06-12,active,2024-07-09T15:47:29
677,334,credit,2023-08-29,active,2023-09-22T02:13:29
678,335,credit,2025-03-27,closed,2025-06-05T13:45:27
679,335,savings,2023-06-27,frozen,2023-07-06T00:59:16
680,335,checking,2023-07-01,active,2023-08-31T01:52:56
681,336,credit,2024-04-29,frozen,2024-05-16T00:18:02
682,336,credit,2024-11-17,closed,2024-12-30T12:38:21
683,337,checking,2024-04-18,closed,2024-05-03T07:27:09
684,338,credit,2023-07-19,active,2023-10-15T22:49:24
685,339,checking,2024-04-22,active,2024-05-08T13:45:31
686,340,credit,2024-10-21,active,2024-10-30T21:52:51
687,341,savings,2025-01-22,active,2025-02-16T06:19:51
688,342,credit,2023-02-20,closed,2023-05-06T22:36:03
689,343,checking,2024-12-29,frozen,2025-01-03T16:39:26
690,344,credit,2024-04-13,active,2024-04-25T14:10:14
691,345,credit,2023-11-16,active,2023-12-09T01:54:40
692,346,checking,2024-06-30,active,2024-07-18T02:07:30
693,346,credit,2024-03-06,frozen,2024-04-20T21:18:50
694,346,credit,2023-09-07,closed,2023-11-24T10:00:40
695,347,credit,2025-02-23,active,2025-03-07T08:22:49
696,348,credit,2023-01-22,active,2023-02-15T17:22:22
697,348,checking,2024-03-13,closed,2024-03-13T20:22:58
698,348,checking,2023-06-03,closed,2023-09-01T07:16:12
699,349,credit,2024-07-23,closed,2024-08-15T06:43:54
700,349,credit,2024-11-13,active,2024-12-06T23:55:48
701,350,savings,2024-08-12,active,2024-10-16T17:04:30
702,350,savings,2023-12-20,active,2024-01-29T11:50:09
703,351,checking,2024-12-24,closed,2025-01-10T18:04:27
704,352,credit,2024-07-15,frozen,2024-09-24T04:23:35
705,352,checking,2023-03-05,frozen,2023-05-07T01:59:49
706,353,savings,2024-08-20,frozen,2024-11-04T17:40:47
707,354,credit,2024-04-29,frozen,2024-05-27T16:27:38
708,354,savings,2025-05-10,frozen,2025-07-03T11:28:52
709,354,checking,2023-10-21,frozen,2024-01-15T06:24:51
710,355,checking,2023-10-06,closed,2023-12-07T12:41:14
711,355,savings,2023-06-13,frozen,2023-08-18T09:05:31
712,356,checking,2023-05-13,active,2023-07-02T01:15:00
713,356,credit,2024-09-14,closed,2024-09-27T08:21:21
714,356,checking,2023-09-20,frozen,2023-10-15T02:27:26
715,357,credit,2023-11-08,frozen,2023-11-23T02:21:51
716,357,savings,2023-12-28,closed,2024-02-29T18:00:33
717,358,credit,2025-06-22,frozen,2025-09-12T23:29:55
718,358,savings,2024-09-13,frozen,2024-12-07T17:51:43
719,359,savings,2024-09-20,closed,2024-10-25T06:45:00
720,359,savings,2023-08-17,active,2023-09-01T22:30:16
721,359,savings,2024-01-25,frozen,2024-02-23T10:23:43
722,360,checking,2023-07-29,active,2023-08-04T02:33:51
723,360,savings,2023-04-16,closed,2023-04-19T23:44:57
724,360,savings,2023-10-06,closed,2023-12-31T05:10:16
725,361,savings,2023-08-26,closed,2023-11-13T06:26:06
726,361,checking,2023-05-30,closed,2023-08-04T15:34:40
727,362,checking,2024-12-24,frozen,2025-03-18T22:33:11
728,362,savings,2025-02-12,closed,2025-03-17T11:01:18
729,363,credit,2024-06-17,closed,2024-06-19T18:55:11
730,363,savings,2023-02-19,active,2023-04-09T02:04:41
731,363,savings,2024-11-30,frozen,2025-01-25T05:31:22
732,364,checking,2023-02-25,active,2023-05-07T21:28:24
733,364,credit,2024-04-15,active,2024-06-16T18:19:13
734,365,savings,2023-07-28,closed,2023-09-15T22:05:06
735,365,checking,2025-01-27,closed,2025-04-23T05:38:12
736,366,credit,2025-05-10,closed,2025-07-22T06:33:36
737,366,savings,2024-12-30,closed,2025-01-19T20:05:55
738,367,savings,2023-03-28,frozen,2023-05-30T14:01:50
739,367,credit,2024-08-09,closed,2024-09-23T21:19:09
740,367,savings,2024-03-17,active,2024-03-20T20:36:00
741,368,checking,2023-03-12,frozen,2023-04-25T02:08:16
742,368,checking,2025-06-26,closed,2025-08-08T03:52:01
743,368,checking,2024-08-14,frozen,2024-09-27T04:48:14
744,369,savings,2024-10-01,active,2024-12-24T21:50:55
745,369,checking,2024-01-15,active,2024-04-06T09:30:46
746,370,credit,2023-05-12,active,2023-06-20T22:51:26
747,370,savings,2023-06-27,active,2023-06-29T19:47:57
748,371,checking,2024-05-21,frozen,2024-08-13T14:31:01
749,371,credit,2024-10-18,closed,2024-12-10T06:56:11
750,371,checking,2024-02-19,closed,2024-04-19T04:16:21
751,372,savings,2023-02-04,frozen,2023-04-18T13:02:05
752,372,savings,2024-08-29,closed,2024-09-10T07:28:05
753,372,checking,2025-01-28,closed,2025-04-24T15:19:44
754,373,savings,2024-06-05,closed,2024-08-29T21:46:29
755,374,credit,2023-09-16,frozen,2023-11-01T20:18:46
756,374,checking,2024-11-08,frozen,2025-01-28T06:55:39
757,375,checking,2025-04-12,frozen,2025-05-15T09:20:25
758,376,credit,2024-04-06,frozen,2024-05-04T20:54:10
759,377,credit,2023-05-23,closed,2023-06-04T20:26:11
760,377,savings,2024-06-07,active,2024-08-18T06:13:59
761,377,savings,2025-04-04,frozen,2025-04-30T23:29:17
762,378,credit,2023-04-30,frozen,2023-07-03T02:09:04
763,378,savings,2024-04-10,closed,2024-06-18T21:25:07
764,379,savings,2023-11-07,frozen,2023-12-09T19:24:38
765,379,savings,2025-03-11,closed,2025-05-20T14:21:27
766,380,credit,2023-01-29,closed,2023-04-05T21:34:55
767,381,savings,2025-06-15,active,2025-09-07T02:16:36
768,382,savings,2024-12-26,closed,2025-03-04T22:01:55
769,382,credit,2024-11-04,closed,2025-01-23T18:25:14
770,382,credit,2023-04-04,active,2023-05-20T00:33:00
771,383,checking,2023-08-18,active,2023-11-13T12:17:02
772,383,savings,2024-04-11,frozen,2024-05-21T11:05:18
773,384,savings,2023-11-13,frozen,2023-12-19T05:11:37
774,385,savings,2023-09-07,closed,2023-11-22T11:01:01
775,385,savings,2024-01-02,active,2024-01-16T19:33:29
776,385,checking,2023-08-21,active,2023-09-21T22:59:52
777,386,savings,2024-12-22,closed,2025-02-15T01:07:40
778,386,credit,2024-10-17,active,2024-11-11T14:00:48
779,387,checking,2024-02-28,active,2024-04-01T15:26:20
780,388,checking,2025-05-05,closed,2025-05-10T11:48:43
781,388,checking,2025-01-24,active,2025-02-03T17:30:04
782,389,checking,2024-04-07,frozen,2024-05-23T21:28:07
783,389,savings,2023-05-21,closed,2023-06-07T06:51:45
784,390,credit,2023-06-23,closed,2023-08-26T21:08:27
785,391,credit,2025-03-21,closed,2025-05-27T19:59:17
786,392,checking,2025-02-10,active,2025-04-27T05:02:18
787,392,savings,2023-07-09,frozen,2023-09-21T22:48:38
788,393,credit,2024-08-28,closed,2024-09-27T18:24:52
789,393,checking,2024-10-18,active,2024-10-31T21:41:56
790,393,checking,2023-09-30,frozen,2023-11-25T02:13:26
791,394,credit,2024-01-31,active,2024-04-02T01:12:42
792,394,savings,2025-04-08,closed,2025-04-22T17:12:07
793,395,savings,2025-04-27,frozen,2025-07-23T18:50:58
794,395,savings,2024-01-18,active,2024-03-04T16:28:12
795,396,savings,2024-07-25,active,2024-10-15T06:18:51
796,396,credit,2023-02-24,closed,2023-03-02T01:47:22
797,397,savings,2024-01-08,closed,2024-02-26T07:45:45
798,397,credit,2024-04-25,closed,2024-06-10T10:21:55
799,397,credit,2023-07-09,active,2023-09-03T14:29:39
800,398,savings,2023-01-13,frozen,2023-02-20T05:16:10
801,398,checking,2023-05-21,frozen,2023-06-16T04:46:33
802,399,credit,2024-11-12,frozen,2025-02-02T17:21:32
803,400,savings,2023-02-22,active,2023-04-25T15:12:02
804,400,credit,2025-01-01,frozen,2025-02-12T19:33:21
805,401,checking,2024-10-18,active,2025-01-15T02:56:44
806,401,credit,2024-02-10,active,2024-03-26T09:40:10
807,401,credit,2024-10-15,closed,2024-12-24T19:11:26
808,402,savings,2024-05-22,closed,2024-05-25T14:48:24
809,402,credit,2023-03-22,closed,2023-04-14T22:23:05
810,402,credit,2024-11-19,active,2024-11-19T19:20:07
811,403,credit,2023-11-07,frozen,2023-12-17T19:20:54
812,403,checking,2025-06-13,active,2025-07-03T11:43:42
813,404,credit,2025-03-13,closed,2025-03-29T03:30:56
814,405,savings,2024-09-29,frozen,2024-11-29T09:41:48
815,405,savings,2023-07-27,active,2023-10-22T09:36:22
816,405,savings,2024-05-23,active,2024-06-02T21:05:01
817,406,checking,2024-07-25,frozen,2024-09-11T01:06:18
818,406,checking,2025-06-05,active,2025-06-07T01:42:05
819,407,checking,2023-12-22,frozen,2024-01-16T06:49:26
820,407,credit,2024-02-11,active,2024-02-17T15:59:01
821,407,credit,2024-09-14,frozen,2024-11-29T23:39:54
822,408,checking,2023-08-20,frozen,2023-09-10T20:29:17
823,408,checking,2025-05-31,active,2025-08-06T04:20:53
824,409,credit,2024-12-05,frozen,2024-12-20T19:27:18
825,409,credit,2023-12-15,active,2024-01-08T17:22:05
826,410,credit,2024-03-23,frozen,2024-05-10T08:00:01
827,410,savings,2023-07-22,active,2023-10-06T06:10:58
828,411,credit,2024-03-15,closed,2024-04-08T13:47:00
829,412,savings,2023-10-08,active,2023-10-11T04:40:34
830,412,savings,2024-03-26,active,2024-06-13T19:10:39
831,413,savings,2024-01-21,closed,2024-04-17T17:57:52
832,413,checking,2024-12-12,active,2025-02-10T17:35:46
833,414,credit,2024-05-17,frozen,2024-08-12T03:29:00
834,415,credit,2024-08-18,frozen,2024-11-02T17:44:48
835,416,checking,2023-04-24,closed,2023-05-01T11:42:39
836,416,savings,2023-03-22,active,2023-05-21T22:53:56
837,417,checking,2023-03-12,frozen,2023-05-15T16:48:20
838,417,savings,2024-08-14,frozen,2024-11-07T18:23:09
839,418,credit,2023-07-25,active,2023-10-07T10:11:57
840,418,savings,2023-10-06,active,2023-12-09T15:28:52
841,419,savings,2024-06-10,active,2024-06-21T21:25:30
842,419,credit,2024-05-07,closed,2024-07-01T22:26:58
843,420,checking,2024-02-09,frozen,2024-02-14T12:38:23
844,421,savings,2025-02-14,closed,2025-04-01T11:55:14
845,422,savings,2024-03-15,closed,2024-04-17T12:13:38
846,422,savings,2025-03-14,frozen,2025-04-04T02:08:19
847,423,checking,2025-02-02,closed,2025-04-27T04:03:04
848,423,checking,2024-11-14,active,2024-12-03T12:00:04
849,424,checking,2023-12-24,active,2024-02-22T01:49:20
850,425,credit,2023-09-12,frozen,2023-11-06T01:46:14
851,425,savings,2023-06-30,active,2023-08-25T05:41:23
852,426,savings,2025-05-21,frozen,2025-07-23T06:10:19
853,426,credit,2023-06-24,active,2023-07-09T17:57:50
854,427,checking,2023-05-26,frozen,2023-06-18T08:50:10
855,427,credit,2023-09-19,closed,2023-10-23T10:29:32
856,428,checking,2025-06-28,closed,2025-06-28T19:38:10
857,428,credit,2025-03-28,active,2025-05-20T03:16:32
858,428,checking,2023-04-30,frozen,2023-07-25T08:38:01
859,429,checking,2024-05-25,frozen,2024-08-20T13:15:00
860,430,savings,2023-07-09,frozen,2023-09-22T12:09:07
861,430,savings,2023-06-14,active,2023-06-17T18:34:23
862,430,savings,2023-05-06,closed,2023-07-29T22:15:23
863,431,credit,2024-12-06,frozen,2025-02-20T08:24:59
864,431,savings,2023-01-10,active,2023-04-03T00:26:22
865,432,savings,2024-12-04,closed,2025-02-14T20:52:00
866,432,checking,2023-07-20,active,2023-10-10T21:24:23
867,432,savings,2024-03-15,active,2024-03-24T13:17:24
868,433,checking,2024-08-15,frozen,2024-09-16T11:17:04
869,433,checking,2023-10-04,frozen,2023-10-15T12:43:25
870,433,checking,2023-02-01,active,2023-03-22T20:44:38
871,434,credit,2024-03-18,closed,2024-04-06T15:10:47
872,434,savings,2023-07-07,frozen,2023-08-31T08:22:04
873,435,credit,2024-04-26,closed,2024-05-12T17:24:52
874,435,credit,2024-07-11,active,2024-08-27T18:08:24
875,435,checking,2025-03-07,frozen,2025-05-03T09:05:51
876,436,savings,2025-01-10,closed,2025-03-27T02:57:32
877,436,checking,2024-10-19,frozen,2024-12-05T05:12:52
878,437,savings,2023-10-17,closed,2023-12-10T11:50:56
879,437,checking,2023-05-25,closed,2023-07-07T09:19:57
880,437,credit,2024-12-21,active,2025-03-13T01:27:35
881,438,savings,2023-08-29,closed,2023-11-17T21:25:02
882,438,checking,2025-03-26,frozen,2025-05-24T01:24:20
883,438,checking,2024-11-10,frozen,2024-12-18T09:47:44
884,439,credit,2023-07-18,frozen,2023-08-18T12:20:49
885,440,savings,2024-10-26,closed,2024-11-01T10:59:51
886,440,checking,2025-05-05,active,2025-07-09T22:33:27
887,440,credit,2023-06-17,frozen,2023-08-08T04:49:05
888,441,credit,2024-12-22,closed,2025-03-04T19:38:58
889,442,savings,2024-07-06,closed,2024-07-16T04:25:16
890,442,checking,2025-02-21,active,2025-05-16T01:46:26
891,443,checking,2023-10-06,frozen,2023-10-11T22:11:27
892,443,savings,2023-05-10,closed,2023-06-17T09:17:50
893,444,credit,2024-12-07,frozen,2025-02-24T19:33:37
894,444,savings,2024-02-16,active,2024-03-14T18:41:22
895,445,credit,2023-05-02,closed,2023-06-04T12:16:21
896,446,savings,2023-06-15,closed,2023-06-17T04:17:39
897,446,savings,2023-01-10,active,2023-01-11T01:59:40
898,446,credit,2023-09-24,frozen,2023-11-21T18:45:28
899,447,credit,2024-09-21,closed,2024-12-07T06:54:33
900,447,savings,2025-01-26,closed,2025-04-14T02:19:47
901,447,credit,2024-07-14,closed,2024-10-10T08:56:37
902,448,savings,2024-09-05,active,2024-09-21T14:33:51
903,448,checking,2023-07-29,active,2023-08-12T21:24:47
904,448,credit,2023-01-25,active,2023-01-28T16:14:41
905,449,credit,2025-01-17,active,2025-04-10T09:20:56
906,450,credit,2024-11-07,closed,2024-12-01T23:22:18
907,451,savings,2024-04-12,active,2024-06-11T11:01:52
908,452,checking,2023-02-03,active,2023-02-22T21:23:25
909,452,savings,2024-11-22,frozen,2024-11-24T16:43:03
910,453,checking,2025-06-28,active,2025-08-04T02:49:00
911,453,savings,2025-06-03,active,2025-07-15T13:54:22
912,454,credit,2023-06-09,closed,2023-08-03T11:34:24
913,455,credit,2025-02-09,closed,2025-04-26T01:09:18
914,455,savings,2025-05-11,active,2025-07-12T01:58:13
915,456,credit,2025-01-25,closed,2025-04-13T03:09:26
916,456,checking,2025-01-27,closed,2025-02-03T22:17:10
917,457,savings,2023-01-30,closed,2023-03-11T13:06:15
918,457,checking,2025-05-09,frozen,2025-07-30T10:52:01
919,457,savings,2024-10-10,active,2024-12-12T00:00:41
920,458,savings,2024-06-22,closed,2024-08-16T16:18:11
921,458,checking,2023-02-02,frozen,2023-02-26T07:44:18
922,458,savings,2024-12-29,frozen,2025-01-27T22:33:05
923,459,credit,2023-12-08,closed,2024-01-20T07:05:49
924,459,checking,2024-12-28,frozen,2025-02-15T17:43:34
925,459,credit,2024-10-09,closed,2024-11-24T13:42:26
926,460,credit,2023-09-09,active,2023-10-15T16:45:28
927,460,credit,2023-05-14,frozen,2023-05-30T21:28:00
928,461,checking,2023-11-06,closed,2024-01-07T21:18:39
929,462,savings,2024-10-08,frozen,2024-11-07T05:01:15
930,463,checking,2025-05-15,active,2025-06-29T00:08:46
931,464,credit,2024-07-08,active,2024-07-30T15:33:37
932,464,checking,2025-02-21,active,2025-04-05T03:03:14
933,465,credit,2023-06-27,active,2023-07-12T01:04:59
934,465,checking,2025-05-23,frozen,2025-06-25T00:11:13
935,466,checking,2024-07-05,closed,2024-08-08T20:20:36
936,466,credit,2023-08-23,closed,2023-11-08T20:20:17
937,467,credit,2023-06-11,active,2023-08-06T18:41:45
938,467,checking,2024-12-11,active,2025-02-27T03:15:06
939,467,credit,2023-06-08,active,2023-08-11T05:54:56
940,468,credit,2023-09-17,active,2023-10-13T11:56:14
941,469,credit,2023-09-01,frozen,2023-11-30T22:35:51
942,469,credit,2024-11-16,frozen,2024-11-28T20:58:50
943,470,savings,2024-07-19,active,2024-08-03T01:05:41
944,471,savings,2024-11-13,active,2024-12-14T03:08:59
945,472,savings,2024-06-14,closed,2024-07-05T05:20:04
946,472,savings,2023-05-13,frozen,2023-07-05T09:44:55
947,473,checking,2024-01-17,closed,2024-03-10T07:05:13
948,473,checking,2023-12-21,frozen,2024-02-11T11:14:30
949,474,credit,2024-12-13,closed,2025-01-28T15:33:13
950,474,savings,2023-02-16,active,2023-02-17T05:38:32
951,475,checking,2025-03-14,active,2025-04-26T16:09:26
952,475,savings,2024-05-04,active,2024-06-28T00:45:54
953,475,savings,2023-04-06,active,2023-06-29T11:42:19
954,476,credit,2023-08-23,active,2023-11-11T11:54:07
955,476,savings,2025-03-18,frozen,2025-05-08T10:44:30
956,476,savings,2025-05-10,closed,2025-06-19T00:05:33
957,477,savings,2023-01-13,closed,2023-04-01T06:36:59
958,477,credit,2023-08-17,frozen,2023-10-13T03:24:18
959,478,credit,2023-11-15,closed,2024-02-02T15:56:01
960,478,credit,2024-11-17,frozen,2025-02-08T20:18:58
961,478,checking,2024-09-20,frozen,2024-09-30T09:03:56
962,479,savings,2025-04-14,frozen,2025-04-30T20:58:22
963,480,savings,2025-04-20,active,2025-05-01T02:07:15
964,480,credit,2025-03-05,frozen,2025-05-10T20:30:00
965,480,credit,2024-06-13,active,2024-06-15T06:32:51
966,481,credit,2025-04-18,frozen,2025-05-18T18:08:52
967,482,credit,2024-10-18,active,2024-10-25T17:06:31
968,482,savings,2024-08-02,closed,2024-10-05T09:39:36
969,483,checking,2023-07-12,closed,2023-07-27T08:05:02
970,483,savings,2024-11-28,closed,2024-11-28T02:07:25
971,484,checking,2024-06-10,closed,2024-08-23T14:06:04
972,484,credit,2025-05-28,closed,2025-08-21T14:59:34
973,485,savings,2023-12-30,frozen,2024-02-04T06:06:31
974,485,credit,2025-06-08,active,2025-07-26T18:15:15
975,485,credit,2025-03-18,active,2025-03-31T06:34:36
976,486,credit,2025-03-13,active,2025-04-28T06:43:10
977,486,checking,2024-12-06,active,2025-01-29T17:53:21
978,487,checking,2023-05-08,active,2023-07-01T07:12:42
979,487,savings,2023-07-22,active,2023-09-17T01:06:43
980,488,credit,2024-07-27,closed,2024-09-16T16:17:10
981,489,credit,2025-05-18,frozen,2025-06-20T07:51:15
982,489,savings,2025-06-26,closed,2025-08-19T16:25:25
983,489,credit,2024-11-14,frozen,2025-01-06T15:22:11
984,490,credit,2023-08-13,active,2023-10-14T05:36:56
985,491,checking,2024-12-12,closed,2025-02-15T00:46:12
986,491,checking,2025-04-01,closed,2025-04-28T23:48:37
987,491,savings,2024-12-08,active,2024-12-28T11:44:58
988,492,checking,2024-07-27,closed,2024-09-17T17:41:49
989,492,checking,2023-06-21,frozen,2023-09-02T09:37:49
990,492,checking,2024-03-25,closed,2024-04-13T20:43:09
991,493,savings,2024-07-31,frozen,2024-09-07T01:18:24
992,494,checking,2025-01-24,active,2025-02-11T20:37:02
993,494,checking,2024-10-17,frozen,2024-11-22T04:14:22
994,495,credit,2023-10-12,frozen,2023-10-12T09:36:36
995,496,savings,2025-04-30,active,2025-05-05T13:40:12
996,497,credit,2025-01-17,frozen,2025-03-30T11:33:27
997,497,savings,2024-12-03,frozen,2025-02-01T17:44:27
998,498,checking,2023-07-26,closed,2023-10-15T07:30:03
999,498,savings,2024-12-17,closed,2025-02-12T00:56:44
1000,498,credit,2023-08-20,frozen,2023-08-31T10:28:24
1001,499,savings,2024-09-28,active,2024-11-17T08:03:03
1002,499,credit,2024-06-10,active,2024-09-03T14:45:25
1003,499,credit,2024-11-19,frozen,2025-02-09T07:49:25
1004,500,credit,2023-09-15,active,2023-11-27T06:33:59
