customer_id,email,full_name,ssn_plain,dob,created_at,updated_at
1,patricia.smith4507@example.com,Patricia Smith,328-27-2679,1967-10-19,2024-04-03T15:34:41,2024-07-20T15:34:41
2,mary.smith1536@example.com,Mary Smith,338-74-1434,1977-11-02,2024-05-19T18:43:26,2024-11-14T18:43:26
3,sarah.wilson3612@testmail.com,Sarah Wilson,703-45-1106,1974-04-28,2024-06-26T06:15:41,2024-10-12T06:15:41
4,david.rodriguez2548@example.com,David Rodriguez,881-53-2674,1968-04-27,2023-10-23T02:21:29,2023-11-16T02:21:29
5,barbara.lopez9892@testmail.com,Barbara Lopez,926-15-8527,1971-03-14,2023-10-22T00:23:32,2023-11-11T00:23:32
6,sarah.martinez5926@sample.org,Sarah Martinez,296-18-1750,1980-06-11,2023-08-13T18:34:57,2023-09-02T18:34:57
7,linda.brown6228@testmail.com,Linda Brown,564-91-6977,1974-08-04,2023-10-15T12:40:24,2024-01-13T12:40:24
8,michael.rodriguez1170@sample.org,Michael Rodriguez,750-31-9751,1981-12-17,2023-05-07T22:02:35,2023-09-02T22:02:35
9,richard.rodriguez9126@example.com,Richard Rodriguez,801-51-1916,1980-07-19,2023-01-25T22:23:30,2023-04-15T22:23:30
10,richard.rodriguez1085@example.com,Richard Rodriguez,680-50-4483,2004-10-14,2023-11-04T07:06:47,2024-04-16T07:06:47
11,joseph.jones4340@example.com,Joseph Jones,352-81-9830,1983-07-28,2024-03-30T01:28:21,2024-07-17T01:28:21
12,charles.gonzalez5931@example.com,Charles Gonzalez,241-75-9085,1968-02-26,2023-02-06T14:18:46,2023-03-06T14:18:46
13,john.garcia6917@sample.org,John Garcia,165-59-7252,2001-12-28,2024-02-15T23:24:22,2024-04-19T23:24:22
14,sarah.smith1877@sample.org,Sarah Smith,649-44-6573,1970-01-03,2023-08-16T23:14:20,2023-12-05T23:14:20
15,jennifer.anderson54@sample.org,Jennifer Anderson,996-43-9201,1976-01-11,2024-01-30T07:52:20,2024-02-26T07:52:20
16,elizabeth.taylor9978@example.com,Elizabeth Taylor,256-57-3646,1960-01-19,2024-04-10T05:08:10,2024-07-01T05:08:10
17,jessica.smith1833@testmail.com,Jessica Smith,999-49-4923,1965-03-13,2023-07-07T02:10:18,2023-11-29T02:10:18
18,robert.williams7963@example.com,Robert Williams,878-78-3060,1971-07-09,2024-05-27T10:38:48,2024-09-25T10:38:48
19,sarah.garcia4343@sample.org,Sarah Garcia,993-87-7932,1979-01-01,2024-02-23T21:12:27,2024-08-17T21:12:27
20,michael.martinez6538@sample.org,Michael Martinez,765-57-8177,2000-07-03,2023-04-04T23:40:54,2023-06-06T23:40:54
21,linda.williams5540@example.com,Linda Williams,702-80-4770,1979-10-04,2023-01-06T14:02:49,2023-01-24T14:02:49
22,mary.davis1105@example.com,Mary Davis,980-52-2160,1981-05-08,2023-08-05T07:11:32,2024-01-23T07:11:32
23,jessica.miller8835@example.com,Jessica Miller,840-83-8744,1981-10-19,2024-01-03T08:51:16,2024-04-16T08:51:16
24,michael.brown1589@sample.org,Michael Brown,541-55-7939,1996-11-17,2023-12-29T17:58:14,2024-01-11T17:58:14
25,patricia.johnson6597@sample.org,Patricia Johnson,447-23-5073,1977-03-10,2023-05-28T17:45:03,2023-10-12T17:45:03
26,joseph.jones6913@example.com,Joseph Jones,385-69-5092,1966-10-06,2023-12-11T04:33:20,2024-04-29T04:33:20
27,patricia.johnson8857@example.com,Patricia Johnson,195-40-3724,1996-06-17,2024-01-13T05:00:24,2024-05-15T05:00:24
28,michael.gonzalez961@example.com,Michael Gonzalez,488-10-7396,1983-10-17,2023-12-20T09:58:14,2024-03-02T09:58:14
29,susan.moore7974@example.com,Susan Moore,294-47-4566,1965-03-31,2024-03-25T20:42:11,2024-08-10T20:42:11
30,mary.hernandez937@example.com,Mary Hernandez,698-71-9238,1974-02-14,2023-02-14T04:18:43,2023-06-24T04:18:43
31,robert.garcia1123@sample.org,Robert Garcia,169-96-4853,1996-03-22,2023-04-04T02:50:54,2023-08-27T02:50:54
32,linda.johnson1344@testmail.com,Linda Johnson,773-84-9565,1988-05-19,2023-07-22T13:01:29,2023-09-12T13:01:29
33,david.davis4352@testmail.com,David Davis,234-95-5915,2001-01-07,2023-09-03T13:58:12,2023-09-21T13:58:12
34,james.anderson9225@example.com,James Anderson,175-78-4492,2005-05-20,2023-07-25T23:41:38,2023-08-27T23:41:38
35,barbara.williams4003@testmail.com,Barbara Williams,391-30-8179,1987-02-20,2024-04-20T02:29:59,2024-10-04T02:29:59
36,thomas.smith9087@testmail.com,Thomas Smith,779-23-3200,1983-09-23,2023-03-31T15:44:46,2023-04-27T15:44:46
37,sarah.jones4463@testmail.com,Sarah Jones,719-36-6617,1978-04-07,2024-06-17T23:52:31,2024-11-26T23:52:31
38,william.taylor8005@testmail.com,William Taylor,966-16-2512,1997-12-31,2023-08-03T21:41:35,2023-08-14T21:41:35
39,james.hernandez2144@sample.org,James Hernandez,368-30-8239,1998-05-15,2024-03-11T16:03:42,2024-03-13T16:03:42
40,patricia.williams2443@sample.org,Patricia Williams,136-57-3426,1998-07-23,2023-04-09T23:45:24,2023-04-19T23:45:24
41,elizabeth.lopez654@testmail.com,Elizabeth Lopez,315-97-5088,1969-03-22,2023-10-02T17:02:51,2024-02-22T17:02:51
42,susan.jones3879@example.com,Susan Jones,919-32-7755,1962-03-23,2023-05-20T07:31:30,2023-08-13T07:31:30
43,susan.davis4372@example.com,Susan Davis,906-99-2771,1994-04-27,2023-01-31T01:52:44,2023-05-31T01:52:44
44,linda.miller7542@testmail.com,Linda Miller,412-39-4652,1962-02-14,2024-05-27T15:54:37,2024-07-15T15:54:37
45,richard.hernandez4565@example.com,Richard Hernandez,891-45-6753,2005-09-13,2023-11-07T10:32:42,2024-04-28T10:32:42
46,sarah.hernandez453@example.com,Sarah Hernandez,998-43-3925,1983-10-25,2023-01-30T17:09:57,2023-02-26T17:09:57
47,karen.wilson5664@sample.org,Karen Wilson,905-50-8149,2005-11-18,2023-03-31T19:47:37,2023-07-07T19:47:37
48,charles.miller4174@example.com,Charles Miller,825-65-1027,1977-09-04,2023-10-10T21:34:49,2024-01-28T21:34:49
49,robert.hernandez5144@sample.org,Robert Hernandez,968-25-5920,2005-06-30,2023-08-29T05:29:02,2024-02-15T05:29:02
50,susan.hernandez6593@sample.org,Susan Hernandez,402-80-3085,1977-03-18,2023-11-23T13:41:15,2024-05-11T13:41:15
51,richard.garcia9325@testmail.com,Richard Garcia,515-80-1006,1987-04-06,2023-08-11T20:27:33,2023-10-03T20:27:33
52,susan.hernandez7619@testmail.com,Susan Hernandez,552-96-4501,2005-11-10,2024-01-03T12:49:47,2024-02-15T12:49:47
53,robert.martinez8446@sample.org,Robert Martinez,748-89-6491,1968-05-18,2023-07-02T10:16:04,2023-12-21T10:16:04
54,elizabeth.davis3263@example.com,Elizabeth Davis,125-15-5011,2002-08-17,2024-04-19T18:58:21,2024-05-07T18:58:21
55,joseph.wilson9432@example.com,Joseph Wilson,835-99-7291,2004-05-08,2023-11-07T10:04:09,2024-01-08T10:04:09
56,john.smith1747@testmail.com,John Smith,324-32-9486,2001-09-04,2023-02-09T00:08:18,2023-07-01T00:08:18
57,linda.brown7479@example.com,Linda Brown,920-69-9702,1988-06-19,2023-12-10T18:09:59,2024-05-14T18:09:59
58,thomas.wilson8977@testmail.com,Thomas Wilson,262-70-8373,1983-04-03,2023-07-12T00:52:57,2023-12-22T00:52:57
59,william.taylor7940@sample.org,William Taylor,344-45-8206,1966-12-13,2023-08-10T22:21:31,2023-10-09T22:21:31
60,william.hernandez5239@sample.org,William Hernandez,182-27-3471,1980-09-29,2023-10-25T12:17:43,2024-04-19T12:17:43
61,john.miller1053@testmail.com,John Miller,517-52-9890,2001-10-19,2023-11-19T22:35:36,2023-12-04T22:35:36
62,michael.wilson6382@sample.org,Michael Wilson,812-12-7232,2002-10-16,2023-01-05T13:54:39,2023-04-05T13:54:39
63,elizabeth.gonzalez6866@sample.org,Elizabeth Gonzalez,865-79-4613,2003-10-20,2023-06-20T10:18:56,2023-08-28T10:18:56
64,susan.thomas476@testmail.com,Susan Thomas,444-95-7624,1974-10-22,2023-12-30T00:47:01,2024-01-31T00:47:01
65,karen.moore442@testmail.com,Karen Moore,706-82-1444,1967-07-13,2024-05-14T05:43:18,2024-08-31T05:43:18
66,john.anderson2978@example.com,John Anderson,366-58-6363,1978-12-27,2023-12-20T04:12:35,2024-03-12T04:12:35
67,david.gonzalez4559@testmail.com,David Gonzalez,358-20-8705,1961-09-27,2024-02-23T23:29:59,2024-03-07T23:29:59
68,barbara.davis1125@sample.org,Barbara Davis,141-13-5051,1977-11-19,2023-01-16T19:54:39,2023-06-24T19:54:39
69,john.davis2069@testmail.com,John Davis,785-24-4571,2001-09-20,2024-06-27T06:58:19,2024-08-31T06:58:19
70,barbara.garcia9927@sample.org,Barbara Garcia,865-24-3683,1987-11-27,2023-03-25T23:06:24,2023-08-20T23:06:24
71,james.martinez9434@sample.org,James Martinez,484-60-4249,1966-10-26,2024-04-04T21:30:14,2024-09-27T21:30:14
72,linda.brown4942@sample.org,Linda Brown,714-25-1672,1991-02-24,2024-02-18T19:05:28,2024-06-06T19:05:28
73,barbara.williams8290@sample.org,Barbara Williams,449-11-7882,2003-12-23,2023-03-23T23:23:13,2023-07-11T23:23:13
74,barbara.anderson2507@testmail.com,Barbara Anderson,280-76-5425,2003-05-18,2023-12-28T01:52:30,2024-04-17T01:52:30
75,charles.rodriguez5281@example.com,Charles Rodriguez,950-21-5569,2000-06-10,2023-07-09T09:56:38,2023-11-04T09:56:38
76,charles.gonzalez5512@example.com,Charles Gonzalez,606-51-3979,2003-09-28,2023-06-14T18:12:02,2023-09-12T18:12:02
77,william.hernandez4582@sample.org,William Hernandez,818-45-1166,1977-02-20,2023-03-08T11:56:28,2023-05-08T11:56:28
78,susan.thomas9097@example.com,Susan Thomas,807-70-9041,2000-03-16,2023-01-14T09:26:15,2023-02-06T09:26:15
79,elizabeth.davis6626@sample.org,Elizabeth Davis,349-49-7046,2002-06-16,2024-03-05T21:29:01,2024-07-18T21:29:01
80,barbara.wilson9018@testmail.com,Barbara Wilson,460-99-8434,1984-04-21,2023-08-27T03:52:00,2023-10-30T03:52:00
81,linda.brown3156@testmail.com,Linda Brown,222-78-4033,1977-03-08,2023-06-18T01:42:07,2023-10-19T01:42:07
82,william.taylor9778@testmail.com,William Taylor,202-34-5853,1980-05-29,2023-10-08T07:18:38,2023-11-22T07:18:38
83,elizabeth.smith8752@example.com,Elizabeth Smith,380-15-1893,1986-03-17,2024-06-25T16:48:08,2024-07-27T16:48:08
84,jessica.brown201@sample.org,Jessica Brown,391-70-8843,1999-07-08,2023-09-22T15:13:08,2023-11-08T15:13:08
85,mary.rodriguez7828@example.com,Mary Rodriguez,941-18-7565,2004-02-12,2023-02-27T12:59:30,2023-07-24T12:59:30
86,mary.jones2445@sample.org,Mary Jones,411-20-5066,1970-08-17,2024-03-09T11:14:07,2024-06-23T11:14:07
87,karen.davis8562@testmail.com,Karen Davis,561-66-5871,1998-06-21,2023-08-26T04:42:01,2024-01-18T04:42:01
88,karen.johnson9989@sample.org,Karen Johnson,201-36-4457,1983-09-28,2024-05-27T23:16:22,2024-06-16T23:16:22
89,jennifer.davis2848@sample.org,Jennifer Davis,176-30-1043,1996-08-25,2023-12-16T21:59:51,2024-06-09T21:59:51
90,karen.thomas4772@example.com,Karen Thomas,337-46-5632,2000-09-24,2023-02-25T06:53:12,2023-08-19T06:53:12
91,linda.rodriguez9664@sample.org,Linda Rodriguez,923-35-7965,1970-04-18,2024-02-27T23:22:42,2024-04-24T23:22:42
92,john.rodriguez2331@example.com,John Rodriguez,161-31-6039,1985-11-22,2023-12-08T02:24:49,2024-01-08T02:24:49
93,joseph.martinez6595@testmail.com,Joseph Martinez,612-79-9090,1999-04-10,2023-03-04T11:32:41,2023-08-04T11:32:41
94,mary.wilson5281@sample.org,Mary Wilson,356-13-2496,1980-07-15,2024-06-07T17:49:57,2024-11-01T17:49:57
95,charles.smith4416@sample.org,Charles Smith,141-32-8708,1999-09-03,2023-08-05T01:12:51,2023-09-20T01:12:51
96,charles.wilson8057@example.com,Charles Wilson,581-54-7690,1989-11-25,2023-09-07T08:57:34,2024-02-25T08:57:34
97,patricia.garcia5404@testmail.com,Patricia Garcia,810-73-5722,1995-12-05,2024-03-03T06:32:38,2024-03-12T06:32:38
98,joseph.williams5154@testmail.com,Joseph Williams,431-24-7622,1960-02-07,2024-05-25T19:40:41,2024-10-10T19:40:41
99,joseph.wilson889@example.com,Joseph Wilson,630-56-9167,1999-08-28,2023-02-10T02:06:47,2023-04-03T02:06:47
100,william.moore2147@testmail.com,William Moore,548-99-8941,1970-11-22,2023-01-23T10:09:55,2023-07-03T10:09:55
101,karen.davis2595@testmail.com,Karen Davis,664-11-7684,1968-05-12,2023-06-24T12:43:25,2023-07-23T12:43:25
102,joseph.brown2523@testmail.com,Joseph Brown,833-47-9337,1984-07-12,2023-11-19T17:18:04,2024-03-21T17:18:04
103,jessica.davis7484@sample.org,Jessica Davis,248-59-4122,2005-08-06,2023-04-17T00:41:59,2023-05-04T00:41:59
104,william.wilson5569@sample.org,William Wilson,373-10-5634,1986-10-14,2024-03-31T21:18:43,2024-08-26T21:18:43
105,jessica.jones7317@sample.org,Jessica Jones,595-54-6446,1993-11-03,2023-12-20T16:14:19,2024-03-11T16:14:19
106,michael.davis9369@testmail.com,Michael Davis,339-62-1715,1988-07-18,2024-01-03T08:54:58,2024-07-01T08:54:58
107,richard.gonzalez2493@testmail.com,Richard Gonzalez,137-26-9229,1989-10-13,2023-03-19T22:55:54,2023-07-09T22:55:54
108,patricia.taylor7487@example.com,Patricia Taylor,839-28-7717,1973-11-06,2023-02-28T02:53:58,2023-06-28T02:53:58
109,william.hernandez6513@sample.org,William Hernandez,182-52-9742,1994-02-03,2023-09-03T22:59:30,2024-02-10T22:59:30
110,jessica.moore589@sample.org,Jessica Moore,170-40-5708,1980-05-29,2023-03-12T04:47:34,2023-07-01T04:47:34
111,patricia.brown7270@example.com,Patricia Brown,810-48-1474,1964-02-16,2023-09-09T22:46:55,2023-09-23T22:46:55
112,elizabeth.lopez6142@testmail.com,Elizabeth Lopez,249-41-9702,1996-12-19,2024-03-15T13:39:49,2024-09-05T13:39:49
113,jennifer.garcia2869@example.com,Jennifer Garcia,724-58-4945,2004-08-24,2024-03-28T22:50:12,2024-05-03T22:50:12
114,linda.anderson4162@testmail.com,Linda Anderson,361-95-1153,2001-09-27,2023-08-12T09:50:34,2024-02-01T09:50:34
115,sarah.garcia1211@testmail.com,Sarah Garcia,453-85-5901,1998-01-24,2024-06-20T04:22:35,2024-08-23T04:22:35
116,joseph.martinez3264@testmail.com,Joseph Martinez,973-71-2747,1981-04-12,2023-10-24T05:08:44,2024-03-18T05:08:44
117,barbara.martinez4838@example.com,Barbara Martinez,949-94-7484,1984-08-16,2023-01-07T06:57:25,2023-05-31T06:57:25
118,mary.thomas4690@example.com,Mary Thomas,721-55-4588,1977-01-21,2024-04-27T06:15:00,2024-06-30T06:15:00
119,john.brown646@testmail.com,John Brown,907-66-1546,1992-09-24,2023-04-13T01:41:37,2023-05-06T01:41:37
120,elizabeth.hernandez6808@example.com,Elizabeth Hernandez,305-26-9837,1992-10-27,2024-02-17T07:48:19,2024-06-24T07:48:19
121,william.garcia4211@testmail.com,William Garcia,925-47-6549,1970-05-01,2023-12-30T18:19:47,2024-01-18T18:19:47
122,john.davis6512@sample.org,John Davis,474-21-7464,1961-04-01,2023-07-25T09:51:54,2023-12-09T09:51:54
123,patricia.anderson6039@sample.org,Patricia Anderson,866-96-5295,1994-03-08,2024-05-10T23:25:15,2024-08-13T23:25:15
124,patricia.davis7725@example.com,Patricia Davis,734-81-6374,1979-11-10,2024-05-18T01:06:55,2024-06-03T01:06:55
125,joseph.martinez6690@example.com,Joseph Martinez,243-15-1609,1987-04-22,2024-01-18T15:11:18,2024-02-16T15:11:18
126,patricia.davis8808@example.com,Patricia Davis,497-68-7078,1997-08-07,2024-04-01T04:49:03,2024-05-10T04:49:03
127,susan.brown8018@sample.org,Susan Brown,517-45-1536,1993-03-29,2023-06-18T18:12:01,2023-10-09T18:12:01
128,joseph.davis5943@example.com,Joseph Davis,802-57-9920,1992-03-06,2023-02-17T00:44:07,2023-05-29T00:44:07
129,william.miller2002@testmail.com,William Miller,193-94-4475,1961-11-30,2023-02-09T06:51:06,2023-05-05T06:51:06
130,linda.jones9251@example.com,Linda Jones,170-80-4394,1979-05-17,2023-06-30T23:24:36,2023-09-22T23:24:36
131,john.smith4543@example.com,John Smith,233-79-5106,1975-08-27,2023-03-27T09:10:32,2023-09-12T09:10:32
132,james.jones244@testmail.com,James Jones,908-40-6304,1961-06-01,2023-05-16T08:11:04,2023-07-22T08:11:04
133,mary.jones6898@sample.org,Mary Jones,216-18-8802,2000-03-20,2023-10-09T04:53:44,2024-02-17T04:53:44
134,charles.brown7406@sample.org,Charles Brown,326-88-1710,1987-01-22,2023-12-22T18:31:53,2024-06-03T18:31:53
135,james.johnson7848@testmail.com,James Johnson,536-97-2768,2003-12-26,2023-12-11T12:36:04,2023-12-29T12:36:04
136,robert.hernandez9967@example.com,Robert Hernandez,167-26-5505,1989-03-04,2023-10-23T20:34:21,2024-03-23T20:34:21
137,thomas.martinez7434@sample.org,Thomas Martinez,719-65-2624,1970-04-07,2024-05-23T12:44:02,2024-11-05T12:44:02
138,sarah.miller7047@testmail.com,Sarah Miller,333-62-6553,2000-09-07,2023-11-06T16:52:09,2024-02-20T16:52:09
139,patricia.hernandez6993@testmail.com,Patricia Hernandez,781-42-7132,1973-09-10,2024-06-17T11:16:19,2024-10-16T11:16:19
140,robert.williams1399@example.com,Robert Williams,542-22-7105,1971-09-03,2024-03-08T03:30:08,2024-03-23T03:30:08
141,charles.moore9203@testmail.com,Charles Moore,786-25-7730,1991-09-21,2024-05-31T18:50:46,2024-09-16T18:50:46
142,mary.martinez9838@testmail.com,Mary Martinez,460-23-9313,1979-02-01,2023-05-01T04:22:46,2023-10-16T04:22:46
143,jessica.davis1774@testmail.com,Jessica Davis,965-81-7022,1970-04-22,2023-08-05T08:53:16,2023-12-29T08:53:16
144,linda.wilson9191@sample.org,Linda Wilson,728-96-1430,1983-12-29,2023-01-23T11:43:35,2023-03-10T11:43:35
145,william.martinez5568@testmail.com,William Martinez,106-33-3347,1995-12-15,2023-02-24T01:09:58,2023-04-01T01:09:58
146,james.williams8692@example.com,James Williams,485-63-8432,1990-08-01,2023-05-03T06:19:17,2023-08-05T06:19:17
147,elizabeth.hernandez9300@sample.org,Elizabeth Hernandez,186-16-3549,1974-02-14,2024-04-24T21:20:18,2024-05-06T21:20:18
148,robert.rodriguez7260@sample.org,Robert Rodriguez,534-72-8242,1997-02-26,2023-08-01T04:11:56,2023-09-25T04:11:56
149,thomas.brown5656@testmail.com,Thomas Brown,213-46-8972,1987-09-02,2023-02-05T06:38:27,2023-04-02T06:38:27
150,richard.johnson126@example.com,Richard Johnson,408-37-3248,1982-12-03,2023-08-13T19:41:08,2023-11-04T19:41:08
151,patricia.smith8150@sample.org,Patricia Smith,540-32-3116,1994-02-09,2024-02-18T16:03:16,2024-08-16T16:03:16
152,linda.taylor9155@sample.org,Linda Taylor,925-55-2180,1995-08-16,2023-02-02T20:34:16,2023-05-24T20:34:16
153,james.anderson1276@testmail.com,James Anderson,689-64-7626,1997-06-21,2023-08-13T20:57:16,2023-09-11T20:57:16
154,richard.smith5322@example.com,Richard Smith,920-89-8538,1992-06-18,2023-03-10T10:51:36,2023-06-29T10:51:36
155,patricia.davis7139@sample.org,Patricia Davis,510-77-2288,1995-07-04,2023-08-29T23:56:13,2023-11-23T23:56:13
156,linda.hernandez2755@example.com,Linda Hernandez,622-91-2868,2005-10-01,2023-05-31T14:37:37,2023-08-28T14:37:37
157,barbara.jones3872@example.com,Barbara Jones,249-42-4232,1975-07-26,2024-04-12T21:31:51,2024-05-21T21:31:51
158,robert.garcia8096@testmail.com,Robert Garcia,872-82-8354,1988-12-29,2024-05-02T04:10:47,2024-07-21T04:10:47
159,john.anderson1119@testmail.com,John Anderson,552-90-5961,1984-08-22,2024-04-04T08:51:48,2024-04-18T08:51:48
160,barbara.taylor1216@testmail.com,Barbara Taylor,572-67-1616,1965-02-07,2023-10-14T09:46:01,2023-12-26T09:46:01
161,robert.williams9734@sample.org,Robert Williams,493-69-1672,2000-05-06,2024-03-20T00:27:10,2024-09-02T00:27:10
162,michael.hernandez9913@testmail.com,Michael Hernandez,613-29-2013,2000-06-01,2023-03-22T09:24:53,2023-06-17T09:24:53
163,robert.taylor2828@example.com,Robert Taylor,353-66-8199,1974-03-29,2023-10-10T15:32:58,2024-01-13T15:32:58
164,elizabeth.gonzalez6698@testmail.com,Elizabeth Gonzalez,795-86-1857,1990-01-08,2023-02-21T04:41:09,2023-05-16T04:41:09
165,patricia.moore6334@testmail.com,Patricia Moore,358-94-3463,1989-11-27,2023-03-05T07:18:25,2023-08-01T07:18:25
166,john.lopez5083@sample.org,John Lopez,815-94-7421,1971-07-27,2024-04-07T04:22:20,2024-04-28T04:22:20
167,elizabeth.moore6172@sample.org,Elizabeth Moore,910-52-3093,1968-05-20,2024-05-16T18:46:31,2024-11-03T18:46:31
168,susan.taylor5929@example.com,Susan Taylor,471-49-3953,1979-03-20,2023-09-23T10:21:09,2024-01-25T10:21:09
169,michael.davis2254@example.com,Michael Davis,179-47-2657,2005-07-18,2024-02-24T06:03:22,2024-07-07T06:03:22
170,mary.hernandez2148@sample.org,Mary Hernandez,485-29-3658,1976-03-22,2024-06-22T03:34:43,2024-11-28T03:34:43
171,jennifer.anderson716@testmail.com,Jennifer Anderson,473-96-4891,1999-11-07,2024-04-19T06:19:25,2024-06-30T06:19:25
172,joseph.davis8750@example.com,Joseph Davis,416-70-4178,1992-12-31,2024-06-10T20:33:20,2024-11-03T20:33:20
173,joseph.anderson4617@testmail.com,Joseph Anderson,614-77-7859,1974-07-16,2023-06-05T02:38:07,2023-11-06T02:38:07
174,john.rodriguez855@sample.org,John Rodriguez,592-57-2680,1971-03-09,2023-08-10T09:57:35,2023-08-31T09:57:35
175,jennifer.rodriguez7362@sample.org,Jennifer Rodriguez,250-65-2502,1979-12-02,2023-12-17T09:38:06,2024-03-15T09:38:06
176,james.wilson873@testmail.com,James Wilson,614-57-4862,1994-08-23,2023-03-05T09:14:08,2023-06-08T09:14:08
177,linda.smith5222@example.com,Linda Smith,959-93-6493,1973-02-06,2023-04-17T21:02:32,2023-04-26T21:02:32
178,elizabeth.thomas2274@sample.org,Elizabeth Thomas,580-67-1086,1967-02-09,2023-01-15T18:15:29,2023-03-21T18:15:29
179,michael.jones8992@sample.org,Michael Jones,723-77-7934,1969-12-22,2023-08-12T18:36:09,2023-10-11T18:36:09
180,elizabeth.brown783@example.com,Elizabeth Brown,529-91-8489,1965-08-20,2023-03-28T02:32:27,2023-08-02T02:32:27
181,karen.moore270@sample.org,Karen Moore,627-83-4963,1972-11-17,2023-08-15T05:42:12,2023-12-02T05:42:12
182,james.lopez3942@sample.org,James Lopez,526-33-2402,1992-05-08,2023-02-22T13:38:02,2023-07-06T13:38:02
183,sarah.taylor8317@sample.org,Sarah Taylor,120-59-8702,1963-11-27,2024-05-08T17:45:44,2024-08-15T17:45:44
184,barbara.rodriguez267@testmail.com,Barbara Rodriguez,907-18-6649,1981-08-19,2024-05-25T09:18:49,2024-11-01T09:18:49
185,patricia.hernandez2186@example.com,Patricia Hernandez,460-79-6546,1975-09-16,2024-06-15T19:24:29,2024-10-11T19:24:29
186,jessica.garcia2210@example.com,Jessica Garcia,833-68-1605,1986-04-29,2023-06-06T13:55:42,2023-06-17T13:55:42
187,michael.johnson5171@testmail.com,Michael Johnson,627-60-9897,2002-06-21,2023-07-16T18:06:39,2023-07-25T18:06:39
188,michael.martinez5849@example.com,Michael Martinez,986-93-6438,1984-07-05,2023-04-07T16:22:56,2023-07-10T16:22:56
189,susan.gonzalez7205@testmail.com,Susan Gonzalez,447-33-9129,2004-08-19,2023-10-13T07:50:34,2024-02-22T07:50:34
190,william.williams6956@example.com,William Williams,540-87-3956,1986-05-10,2023-09-07T11:48:54,2023-10-03T11:48:54
191,robert.hernandez4844@testmail.com,Robert Hernandez,556-87-7981,1974-12-13,2024-06-19T18:08:52,2024-10-10T18:08:52
192,barbara.anderson694@sample.org,Barbara Anderson,990-55-8126,1984-08-18,2024-05-11T16:34:18,2024-05-25T16:34:18
193,robert.gonzalez5953@sample.org,Robert Gonzalez,920-96-3621,1962-10-17,2023-04-21T21:36:07,2023-09-23T21:36:07
194,joseph.johnson2069@example.com,Joseph Johnson,341-92-7001,1992-06-27,2023-10-25T08:55:23,2024-03-18T08:55:23
195,mary.jones7372@testmail.com,Mary Jones,480-66-2259,1972-05-08,2024-02-16T05:50:51,2024-05-19T05:50:51
196,richard.hernandez4567@example.com,Richard Hernandez,216-13-4048,2004-10-08,2024-02-07T03:28:17,2024-05-16T03:28:17
197,sarah.brown4289@testmail.com,Sarah Brown,820-67-4515,1985-08-14,2024-06-23T00:44:12,2024-10-26T00:44:12
198,michael.brown2224@example.com,Michael Brown,562-32-8292,1967-11-16,2024-06-13T16:04:57,2024-09-02T16:04:57
199,barbara.williams9012@sample.org,Barbara Williams,397-48-3580,1975-08-14,2023-10-08T18:42:09,2024-02-15T18:42:09
200,linda.brown3293@example.com,Linda Brown,342-73-1430,1992-05-17,2024-03-06T07:42:29,2024-07-30T07:42:29
201,barbara.anderson9039@example.com,Barbara Anderson,726-21-2077,1987-09-30,2023-11-06T06:14:23,2024-03-07T06:14:23
202,thomas.wilson6709@sample.org,Thomas Wilson,175-26-6194,1966-08-27,2023-12-16T12:07:57,2024-04-13T12:07:57
203,thomas.lopez2103@sample.org,Thomas Lopez,755-85-3981,1971-07-30,2023-12-03T00:35:21,2024-04-09T00:35:21
204,mary.brown8489@example.com,Mary Brown,411-31-3653,1988-12-11,2023-06-25T03:04:14,2023-09-21T03:04:14
205,thomas.martinez1293@testmail.com,Thomas Martinez,301-91-5496,1971-03-25,2024-04-30T11:15:40,2024-07-16T11:15:40
206,karen.moore1531@sample.org,Karen Moore,756-31-3526,1975-05-11,2024-05-26T15:40:14,2024-11-01T15:40:14
207,karen.hernandez9235@example.com,Karen Hernandez,945-13-2330,1964-01-29,2024-05-13T05:33:51,2024-10-07T05:33:51
208,william.miller9374@testmail.com,William Miller,732-91-1496,2004-09-05,2024-05-02T03:11:04,2024-09-18T03:11:04
209,elizabeth.martinez7913@example.com,Elizabeth Martinez,924-97-7653,1986-09-07,2023-12-19T06:40:31,2024-01-06T06:40:31
210,mary.garcia7203@testmail.com,Mary Garcia,595-69-4342,1990-07-09,2024-04-16T04:58:01,2024-05-22T04:58:01
211,david.hernandez5659@testmail.com,David Hernandez,233-57-9437,1969-07-11,2023-09-05T20:45:04,2023-11-05T20:45:04
212,joseph.brown4383@testmail.com,Joseph Brown,353-28-2586,1964-07-16,2023-08-14T09:56:37,2023-11-20T09:56:37
213,karen.wilson4068@example.com,Karen Wilson,933-51-6123,1977-01-11,2023-05-04T18:21:28,2023-09-08T18:21:28
214,thomas.anderson8172@testmail.com,Thomas Anderson,609-12-2475,1995-04-12,2024-01-28T14:10:03,2024-05-24T14:10:03
215,linda.miller9558@testmail.com,Linda Miller,149-16-5609,2004-05-25,2024-04-09T02:33:25,2024-09-23T02:33:25
216,jessica.martinez8794@example.com,Jessica Martinez,967-23-8060,1972-01-06,2023-07-25T10:07:55,2023-10-26T10:07:55
217,richard.lopez742@testmail.com,Richard Lopez,152-82-4189,1992-07-10,2024-03-05T16:49:22,2024-05-17T16:49:22
218,robert.gonzalez8262@testmail.com,Robert Gonzalez,882-80-5582,1970-08-29,2023-04-10T22:27:33,2023-05-04T22:27:33
219,richard.lopez5556@sample.org,Richard Lopez,474-28-4261,2005-09-03,2023-11-08T18:23:51,2024-03-15T18:23:51
220,mary.johnson638@example.com,Mary Johnson,830-52-8761,2000-12-30,2023-04-26T16:27:18,2023-09-28T16:27:18
221,thomas.jones5374@sample.org,Thomas Jones,426-30-7438,1986-11-05,2024-04-06T03:49:47,2024-07-01T03:49:47
222,thomas.taylor8722@testmail.com,Thomas Taylor,825-82-5911,2002-08-09,2023-01-13T22:08:07,2023-04-17T22:08:07
223,david.brown6825@sample.org,David Brown,415-98-1436,2002-07-30,2023-07-26T05:50:45,2024-01-09T05:50:45
224,charles.davis842@sample.org,Charles Davis,591-31-9589,1994-02-09,2023-04-25T18:44:19,2023-10-16T18:44:19
225,linda.johnson9381@sample.org,Linda Johnson,212-34-1310,1999-07-26,2023-09-01T15:39:06,2023-12-17T15:39:06
226,john.wilson3341@testmail.com,John Wilson,613-88-8726,1965-08-02,2023-04-18T06:02:38,2023-08-28T06:02:38
227,michael.moore5326@sample.org,Michael Moore,589-77-7173,1988-02-24,2023-05-15T12:21:15,2023-09-09T12:21:15
228,sarah.hernandez8951@testmail.com,Sarah Hernandez,792-97-5331,2003-06-09,2023-05-30T08:03:49,2023-08-01T08:03:49
229,william.moore4891@example.com,William Moore,404-46-4396,2003-11-14,2023-09-04T06:04:04,2024-01-04T06:04:04
230,barbara.moore4481@testmail.com,Barbara Moore,224-83-9899,1994-01-23,2023-11-03T10:37:04,2024-01-30T10:37:04
231,john.martinez690@testmail.com,John Martinez,831-20-6674,1999-09-08,2024-05-24T12:12:19,2024-07-28T12:12:19
232,jessica.miller3311@sample.org,Jessica Miller,377-81-5450,1972-04-25,2023-03-26T20:07:51,2023-08-30T20:07:51
233,charles.davis3973@example.com,Charles Davis,785-77-4697,1980-11-20,2023-02-10T18:30:18,2023-03-07T18:30:18
234,susan.hernandez7740@example.com,Susan Hernandez,797-27-1084,1974-03-03,2023-11-13T01:18:16,2024-04-28T01:18:16
235,jessica.thomas3268@testmail.com,Jessica Thomas,428-46-1969,1968-01-10,2024-05-21T15:43:46,2024-10-14T15:43:46
236,linda.moore612@example.com,Linda Moore,527-32-1595,1995-08-13,2024-01-20T18:37:30,2024-03-07T18:37:30
237,elizabeth.johnson152@testmail.com,Elizabeth Johnson,681-87-2758,1990-01-21,2023-08-10T00:36:49,2023-12-04T00:36:49
238,sarah.taylor8093@example.com,Sarah Taylor,971-74-8668,1984-06-23,2023-05-30T18:15:53,2023-06-27T18:15:53
239,david.garcia7519@sample.org,David Garcia,363-33-1230,1990-03-30,2023-08-18T03:39:02,2024-01-10T03:39:02
240,michael.garcia6644@testmail.com,Michael Garcia,627-51-2421,1995-12-17,2024-06-03T19:50:00,2024-06-27T19:50:00
241,jennifer.jones7823@testmail.com,Jennifer Jones,354-10-5272,1994-05-30,2023-07-02T22:26:03,2023-10-24T22:26:03
242,william.hernandez4948@sample.org,William Hernandez,840-83-1187,1983-06-19,2024-05-22T17:32:28,2024-08-22T17:32:28
243,linda.johnson1937@testmail.com,Linda Johnson,414-30-7642,2005-01-30,2024-06-30T11:15:13,2024-09-17T11:15:13
244,patricia.martinez6022@sample.org,Patricia Martinez,326-38-3188,2002-11-25,2023-04-29T23:35:09,2023-08-23T23:35:09
245,karen.lopez6814@sample.org,Karen Lopez,662-70-9806,1979-08-05,2023-07-12T05:05:23,2024-01-02T05:05:23
246,karen.williams8610@testmail.com,Karen Williams,640-56-2279,1970-01-24,2023-02-17T23:15:12,2023-07-07T23:15:12
247,thomas.miller9384@sample.org,Thomas Miller,253-31-6375,1999-08-22,2023-04-01T06:52:15,2023-09-22T06:52:15
248,michael.thomas1490@sample.org,Michael Thomas,556-17-8429,1971-11-02,2024-02-03T15:37:59,2024-05-19T15:37:59
249,joseph.johnson9156@testmail.com,Joseph Johnson,788-49-1356,1995-07-10,2023-07-17T15:25:34,2023-07-17T15:25:34
250,michael.williams743@testmail.com,Michael Williams,452-99-2044,1965-05-28,2023-02-23T14:36:36,2023-06-23T14:36:36
251,mary.martinez6699@example.com,Mary Martinez,887-27-7887,1993-08-05,2023-10-25T01:56:12,2024-02-16T01:56:12
252,richard.gonzalez1315@sample.org,Richard Gonzalez,777-79-3178,1991-03-14,2023-04-03T03:28:57,2023-05-18T03:28:57
253,sarah.gonzalez8665@example.com,Sarah Gonzalez,845-38-1056,1962-01-14,2023-08-20T17:53:21,2023-12-16T17:53:21
254,sarah.wilson8716@testmail.com,Sarah Wilson,943-39-5055,2001-04-28,2023-09-26T20:53:06,2023-11-04T20:53:06
255,william.miller1849@example.com,William Miller,928-94-7868,1961-05-27,2023-07-06T22:20:41,2023-08-27T22:20:41
256,robert.brown9732@example.com,Robert Brown,557-86-1797,1981-12-15,2023-02-04T08:37:56,2023-05-17T08:37:56
257,joseph.davis8844@example.com,Joseph Davis,872-17-3295,2005-03-16,2023-08-13T16:15:41,2023-10-11T16:15:41
258,charles.hernandez9462@sample.org,Charles Hernandez,891-96-6253,1981-04-02,2023-08-23T09:17:48,2023-09-28T09:17:48
259,thomas.davis6776@testmail.com,Thomas Davis,381-17-3869,1998-04-29,2024-03-07T17:48:26,2024-07-11T17:48:26
260,mary.lopez6245@sample.org,Mary Lopez,426-99-7821,1996-08-16,2023-04-26T21:37:04,2023-07-11T21:37:04
261,richard.garcia8814@testmail.com,Richard Garcia,346-38-5927,1972-12-13,2023-12-26T15:24:52,2024-01-09T15:24:52
262,sarah.wilson6825@sample.org,Sarah Wilson,642-27-7363,1981-10-14,2023-07-18T01:27:48,2023-09-08T01:27:48
263,david.williams7370@testmail.com,David Williams,194-78-4120,1964-08-15,2023-07-28T12:29:12,2023-11-01T12:29:12
264,karen.johnson1193@example.com,Karen Johnson,923-85-4555,2003-01-03,2023-06-12T05:58:29,2023-09-05T05:58:29
265,elizabeth.smith3471@example.com,Elizabeth Smith,859-25-8846,1981-10-06,2024-06-24T07:24:49,2024-11-25T07:24:49
266,michael.gonzalez3922@sample.org,Michael Gonzalez,429-46-7236,2001-10-30,2024-02-19T11:57:33,2024-08-03T11:57:33
267,barbara.martinez4286@testmail.com,Barbara Martinez,625-73-8635,1968-11-05,2023-12-31T15:56:08,2024-03-21T15:56:08
268,michael.lopez5127@testmail.com,Michael Lopez,146-82-4625,1973-02-02,2023-01-13T14:21:39,2023-03-20T14:21:39
269,sarah.wilson4837@example.com,Sarah Wilson,300-52-4768,1994-01-28,2024-03-18T13:38:46,2024-05-19T13:38:46
270,jessica.moore5531@testmail.com,Jessica Moore,881-72-9037,2001-05-05,2023-05-11T16:06:08,2023-08-09T16:06:08
271,jennifer.jones8955@testmail.com,Jennifer Jones,288-79-1962,1963-01-13,2023-02-27T17:37:09,2023-08-17T17:37:09
272,mary.smith6757@example.com,Mary Smith,962-90-4791,1966-02-05,2023-04-28T07:23:48,2023-04-30T07:23:48
273,michael.taylor7472@testmail.com,Michael Taylor,161-89-8916,2003-10-08,2023-01-13T05:15:41,2023-01-14T05:15:41
274,sarah.moore6740@example.com,Sarah Moore,117-77-5501,1985-09-20,2023-01-14T07:33:40,2023-05-22T07:33:40
275,susan.garcia1754@example.com,Susan Garcia,636-29-4948,1977-03-21,2024-04-26T09:33:08,2024-09-07T09:33:08
276,william.lopez4380@testmail.com,William Lopez,180-57-7652,2001-03-06,2024-03-14T20:24:14,2024-05-15T20:24:14
277,linda.martinez1321@sample.org,Linda Martinez,978-93-1519,1968-05-21,2023-11-11T18:56:06,2024-02-16T18:56:06
278,richard.moore7799@example.com,Richard Moore,752-11-3807,1967-06-02,2024-01-24T06:02:08,2024-05-14T06:02:08
279,david.brown8654@example.com,David Brown,335-37-8790,1984-04-27,2023-02-06T03:58:40,2023-02-25T03:58:40
280,william.moore9233@sample.org,William Moore,133-32-6152,1961-05-28,2023-06-10T21:42:25,2023-11-07T21:42:25
281,john.gonzalez1261@testmail.com,John Gonzalez,266-82-4939,1994-11-29,2024-06-09T20:50:47,2024-10-25T20:50:47
282,david.gonzalez2293@sample.org,David Gonzalez,841-20-9204,1991-01-11,2023-02-11T16:58:26,2023-03-08T16:58:26
283,susan.davis1246@testmail.com,Susan Davis,719-88-7499,1989-04-12,2023-01-24T00:15:44,2023-07-05T00:15:44
284,william.anderson8039@example.com,William Anderson,464-80-7150,1998-09-28,2023-05-25T06:24:15,2023-11-15T06:24:15
285,charles.gonzalez1405@sample.org,Charles Gonzalez,402-41-2204,1967-05-12,2023-07-28T03:21:38,2023-09-05T03:21:38
286,richard.jones6384@testmail.com,Richard Jones,469-23-2499,1960-06-19,2023-08-28T10:31:18,2023-12-19T10:31:18
287,barbara.rodriguez1675@example.com,Barbara Rodriguez,189-33-8061,2000-04-07,2024-03-08T14:57:12,2024-07-28T14:57:12
288,thomas.wilson1693@example.com,Thomas Wilson,191-55-2524,1989-02-07,2023-10-27T05:21:19,2023-10-30T05:21:19
289,elizabeth.wilson6354@example.com,Elizabeth Wilson,842-81-4977,1975-03-19,2024-06-16T07:12:57,2024-09-21T07:12:57
290,jennifer.jones4406@testmail.com,Jennifer Jones,374-73-3390,1965-09-04,2023-05-10T20:58:18,2023-08-29T20:58:18
291,william.wilson4912@testmail.com,William Wilson,901-19-6916,1982-07-31,2023-07-11T12:46:19,2023-12-18T12:46:19
292,jessica.miller7502@example.com,Jessica Miller,238-48-1110,1995-07-02,2023-09-16T00:58:39,2024-02-21T00:58:39
293,richard.hernandez7213@testmail.com,Richard Hernandez,540-93-3230,1986-12-14,2023-09-07T01:37:54,2024-02-08T01:37:54
294,michael.thomas5148@example.com,Michael Thomas,507-50-5775,2004-01-19,2024-03-23T07:10:04,2024-05-24T07:10:04
295,david.gonzalez4593@testmail.com,David Gonzalez,473-24-4273,1976-02-21,2024-06-13T12:02:40,2024-10-31T12:02:40
296,james.anderson3435@testmail.com,James Anderson,916-47-2133,1996-09-14,2024-06-06T17:12:45,2024-10-11T17:12:45
297,john.martinez3966@testmail.com,John Martinez,774-29-7932,1993-10-27,2023-02-27T10:48:36,2023-06-21T10:48:36
298,karen.thomas9540@testmail.com,Karen Thomas,647-74-7853,1963-04-19,2023-10-07T06:06:55,2024-04-03T06:06:55
299,sarah.williams1792@example.com,Sarah Williams,773-95-6816,1974-12-03,2024-05-17T12:57:04,2024-10-20T12:57:04
300,mary.gonzalez5433@testmail.com,Mary Gonzalez,208-11-2615,1983-03-19,2023-06-22T10:24:00,2023-10-30T10:24:00
301,thomas.moore9512@sample.org,Thomas Moore,689-38-8303,1993-07-25,2023-10-31T19:16:09,2024-02-26T19:16:09
302,charles.taylor2470@testmail.com,Charles Taylor,125-71-2712,1986-07-03,2023-11-20T02:20:38,2023-12-11T02:20:38
303,patricia.jones5708@testmail.com,Patricia Jones,451-68-4389,2003-04-29,2023-09-28T12:47:17,2024-01-27T12:47:17
304,patricia.anderson7413@testmail.com,Patricia Anderson,168-48-1732,1970-04-29,2023-01-18T13:01:01,2023-04-15T13:01:01
305,patricia.garcia3997@sample.org,Patricia Garcia,278-80-3623,1989-09-10,2024-03-10T20:20:27,2024-06-27T20:20:27
306,joseph.davis6637@sample.org,Joseph Davis,288-33-8080,1995-06-28,2023-01-23T16:11:00,2023-06-29T16:11:00
307,michael.anderson9703@testmail.com,Michael Anderson,498-10-4519,1978-06-18,2023-08-05T04:43:25,2024-02-01T04:43:25
308,robert.brown8797@example.com,Robert Brown,474-51-4228,2001-01-18,2023-03-30T12:16:28,2023-06-05T12:16:28
309,jessica.taylor5135@sample.org,Jessica Taylor,497-88-7431,1970-04-01,2023-09-28T05:47:07,2023-12-27T05:47:07
310,joseph.garcia4874@sample.org,Joseph Garcia,704-20-3194,1988-02-05,2023-04-02T13:06:01,2023-06-02T13:06:01
311,elizabeth.brown3000@testmail.com,Elizabeth Brown,810-28-9369,1994-11-07,2023-11-21T20:32:31,2024-04-21T20:32:31
312,john.gonzalez6932@example.com,John Gonzalez,598-91-9804,1975-07-17,2024-03-07T00:19:12,2024-04-18T00:19:12
313,jessica.martinez2299@example.com,Jessica Martinez,422-67-1878,1992-03-17,2023-01-08T10:38:53,2023-05-12T10:38:53
314,john.miller6291@sample.org,John Miller,617-93-9109,1996-09-14,2024-06-15T19:40:15,2024-10-18T19:40:15
315,susan.anderson8007@example.com,Susan Anderson,184-82-1505,1979-10-14,2023-08-15T20:57:02,2023-08-23T20:57:02
316,william.davis8809@testmail.com,William Davis,272-68-9115,2005-10-29,2023-03-29T22:24:21,2023-08-22T22:24:21
317,patricia.rodriguez8899@testmail.com,Patricia Rodriguez,655-15-8231,1979-08-10,2023-11-27T05:27:28,2023-12-23T05:27:28
318,linda.martinez529@testmail.com,Linda Martinez,369-54-2425,1999-05-23,2023-04-02T04:14:02,2023-06-01T04:14:02
319,michael.lopez9999@sample.org,Michael Lopez,538-31-3281,1978-07-15,2023-06-10T17:41:30,2023-06-25T17:41:30
320,charles.lopez8721@testmail.com,Charles Lopez,711-78-3758,1989-01-13,2024-06-30T20:30:48,2024-09-12T20:30:48
321,elizabeth.rodriguez8429@sample.org,Elizabeth Rodriguez,934-22-3221,1996-12-04,2023-02-16T01:10:08,2023-04-27T01:10:08
322,john.jones4091@example.com,John Jones,828-51-5055,1995-03-26,2024-01-16T04:10:19,2024-02-21T04:10:19
323,charles.rodriguez6787@testmail.com,Charles Rodriguez,562-19-2525,1996-02-21,2024-02-05T11:43:54,2024-04-16T11:43:54
324,barbara.anderson7997@testmail.com,Barbara Anderson,695-10-2526,2001-02-16,2024-05-08T02:17:07,2024-10-25T02:17:07
325,barbara.williams8757@testmail.com,Barbara Williams,323-64-4470,2004-05-19,2023-07-28T13:53:22,2023-10-18T13:53:22
326,elizabeth.hernandez8968@sample.org,Elizabeth Hernandez,233-82-8951,1990-11-02,2024-06-14T03:41:24,2024-06-26T03:41:24
327,mary.brown7530@example.com,Mary Brown,227-30-8230,2000-12-15,2023-01-01T12:36:00,2023-04-20T12:36:00
328,michael.jones4946@example.com,Michael Jones,995-45-2529,1992-05-02,2023-07-14T11:35:40,2023-08-04T11:35:40
329,barbara.garcia849@testmail.com,Barbara Garcia,740-49-4836,1998-07-05,2024-05-24T03:07:49,2024-06-16T03:07:49
330,patricia.smith3497@testmail.com,Patricia Smith,179-26-4705,1999-12-05,2023-01-08T05:07:16,2023-01-10T05:07:16
331,david.brown6920@sample.org,David Brown,235-71-2160,1980-07-16,2023-10-25T12:56:27,2023-11-16T12:56:27
332,patricia.brown5134@testmail.com,Patricia Brown,406-27-7270,1971-12-11,2024-05-13T07:50:46,2024-11-02T07:50:46
333,john.williams8692@sample.org,John Williams,108-88-3688,1999-06-26,2023-09-30T18:36:48,2023-11-23T18:36:48
334,john.wilson7249@example.com,John Wilson,188-22-3293,1971-01-18,2024-04-02T22:27:15,2024-07-09T22:27:15
335,barbara.wilson5153@example.com,Barbara Wilson,353-45-2380,1982-04-06,2024-03-05T20:03:39,2024-08-05T20:03:39
336,karen.martinez440@sample.org,Karen Martinez,996-48-4366,2005-09-17,2023-05-27T12:37:33,2023-09-04T12:37:33
337,elizabeth.johnson3922@testmail.com,Elizabeth Johnson,495-24-4949,2004-10-26,2024-05-10T14:43:00,2024-10-09T14:43:00
338,robert.taylor198@testmail.com,Robert Taylor,424-26-7337,1997-10-03,2023-10-11T19:46:55,2024-02-27T19:46:55
339,jennifer.thomas1196@example.com,Jennifer Thomas,701-18-1225,1983-07-10,2023-06-17T13:44:23,2023-06-27T13:44:23
340,mary.gonzalez8301@testmail.com,Mary Gonzalez,743-74-7806,1997-12-31,2024-06-29T02:41:54,2024-10-09T02:41:54
341,robert.moore8809@sample.org,Robert Moore,256-45-2369,1987-10-21,2023-03-03T09:04:07,2023-07-11T09:04:07
342,michael.jones8789@testmail.com,Michael Jones,500-85-2083,1987-10-29,2024-06-26T16:15:44,2024-10-15T16:15:44
343,linda.johnson4006@example.com,Linda Johnson,544-24-8428,1964-12-08,2023-08-29T05:35:04,2024-02-15T05:35:04
344,jennifer.brown208@sample.org,Jennifer Brown,240-99-1185,1974-09-12,2024-01-21T13:48:27,2024-04-18T13:48:27
345,thomas.taylor4248@example.com,Thomas Taylor,480-26-5403,1970-08-04,2023-01-23T19:14:24,2023-04-18T19:14:24
346,susan.rodriguez8583@example.com,Susan Rodriguez,369-83-2262,2004-07-05,2023-12-20T13:30:05,2024-04-28T13:30:05
347,barbara.johnson8186@sample.org,Barbara Johnson,270-57-3577,1982-11-20,2023-03-21T22:17:11,2023-08-14T22:17:11
348,patricia.davis8337@example.com,Patricia Davis,145-11-5006,1964-02-15,2024-01-02T10:19:45,2024-04-04T10:19:45
349,richard.jones2933@example.com,Richard Jones,666-93-7870,1980-02-21,2023-09-07T22:49:27,2023-11-09T22:49:27
350,susan.hernandez4445@example.com,Susan Hernandez,685-57-2956,2005-01-14,2024-06-06T23:42:03,2024-06-19T23:42:03
351,jennifer.davis8451@example.com,Jennifer Davis,510-18-8620,1985-04-29,2023-08-30T07:49:34,2023-11-21T07:49:34
352,robert.moore7484@example.com,Robert Moore,477-35-5777,1987-04-07,2024-04-28T16:17:45,2024-06-29T16:17:45
353,joseph.lopez9695@testmail.com,Joseph Lopez,891-35-9954,1981-12-28,2023-04-27T22:45:38,2023-04-28T22:45:38
354,susan.smith3818@sample.org,Susan Smith,454-91-1157,1990-01-20,2023-01-02T03:15:15,2023-06-19T03:15:15
355,richard.martinez1704@example.com,Richard Martinez,642-40-7878,2004-02-21,2023-02-16T12:31:30,2023-03-24T12:31:30
356,william.williams720@example.com,William Williams,965-76-7767,1993-06-01,2023-12-23T02:16:37,2024-01-13T02:16:37
357,charles.brown8281@example.com,Charles Brown,752-60-2226,1965-08-02,2023-12-04T20:40:06,2024-05-21T20:40:06
358,john.davis4779@testmail.com,John Davis,971-50-7438,1989-04-08,2023-09-05T01:01:32,2023-12-29T01:01:32
359,william.davis1224@example.com,William Davis,239-84-2785,1973-12-10,2023-03-24T01:36:11,2023-05-05T01:36:11
360,joseph.anderson5146@testmail.com,Joseph Anderson,223-78-6870,1978-08-17,2023-12-18T00:20:41,2024-03-05T00:20:41
361,joseph.rodriguez1965@example.com,Joseph Rodriguez,261-97-5984,1963-08-14,2023-06-17T00:16:40,2023-09-08T00:16:40
362,john.williams4067@testmail.com,John Williams,505-75-1802,1986-10-23,2023-07-22T01:51:37,2023-09-04T01:51:37
363,james.gonzalez7409@sample.org,James Gonzalez,866-80-5093,1968-06-30,2023-12-25T21:06:37,2024-01-20T21:06:37
364,john.brown196@example.com,John Brown,950-38-3141,1977-10-10,2023-11-08T03:23:10,2024-02-11T03:23:10
365,robert.rodriguez1229@example.com,Robert Rodriguez,166-35-8265,1971-07-22,2023-03-13T10:36:21,2023-06-05T10:36:21
366,patricia.johnson7553@example.com,Patricia Johnson,272-83-8096,1995-06-09,2024-01-21T08:27:58,2024-01-28T08:27:58
367,richard.wilson2832@testmail.com,Richard Wilson,319-33-5505,1985-02-08,2023-12-13T10:15:20,2024-01-20T10:15:20
368,mary.davis4836@testmail.com,Mary Davis,521-80-8848,1965-06-21,2023-03-10T03:14:53,2023-05-20T03:14:53
369,richard.jones6869@example.com,Richard Jones,758-77-5082,1961-10-01,2023-10-25T02:16:51,2024-01-24T02:16:51
370,jessica.moore7941@testmail.com,Jessica Moore,679-74-6269,1994-11-04,2023-07-30T01:17:11,2023-09-14T01:17:11
371,james.hernandez9784@example.com,James Hernandez,130-45-1959,2002-04-26,2024-02-16T05:19:59,2024-05-17T05:19:59
372,charles.davis2616@example.com,Charles Davis,353-94-4951,1983-11-29,2024-02-19T12:41:40,2024-03-04T12:41:40
373,linda.gonzalez5814@example.com,Linda Gonzalez,280-40-6210,1992-03-09,2024-04-04T11:31:27,2024-04-11T11:31:27
374,barbara.jones9226@example.com,Barbara Jones,956-73-9882,1987-09-23,2023-05-17T08:36:55,2023-09-19T08:36:55
375,mary.williams921@example.com,Mary Williams,716-38-1326,2002-11-18,2023-01-01T12:44:28,2023-03-26T12:44:28
376,karen.miller2138@testmail.com,Karen Miller,834-32-6301,1965-05-05,2023-01-18T00:29:09,2023-02-24T00:29:09
377,charles.jones1818@sample.org,Charles Jones,981-56-2188,1993-07-07,2024-05-29T07:10:33,2024-09-07T07:10:33
378,charles.brown5515@testmail.com,Charles Brown,430-27-3580,1999-03-12,2024-05-11T12:46:54,2024-09-12T12:46:54
379,david.garcia9208@sample.org,David Garcia,728-55-4657,1975-09-24,2023-10-21T21:35:27,2024-01-07T21:35:27
380,elizabeth.jones2912@sample.org,Elizabeth Jones,101-99-7415,1962-11-27,2023-05-22T10:14:59,2023-10-23T10:14:59
381,david.davis9266@example.com,David Davis,608-28-6425,1966-12-24,2023-07-04T20:33:56,2023-09-30T20:33:56
382,david.garcia1454@sample.org,David Garcia,786-91-6500,2000-01-26,2023-01-09T20:25:47,2023-03-17T20:25:47
383,michael.davis1111@testmail.com,Michael Davis,362-23-1020,1964-04-26,2023-10-27T18:23:20,2024-02-16T18:23:20
384,susan.garcia6784@testmail.com,Susan Garcia,487-54-9946,1993-09-03,2023-03-20T18:45:55,2023-07-20T18:45:55
385,charles.davis2665@testmail.com,Charles Davis,175-14-5831,1961-10-19,2023-09-05T13:18:49,2023-11-10T13:18:49
386,patricia.williams5601@example.com,Patricia Williams,484-30-2228,1968-05-08,2023-09-20T11:51:19,2024-02-19T11:51:19
387,karen.thomas508@testmail.com,Karen Thomas,769-31-8113,1974-02-03,2023-02-11T14:21:05,2023-03-08T14:21:05
388,david.miller3113@testmail.com,David Miller,813-80-9849,1983-10-19,2024-05-28T02:26:14,2024-08-08T02:26:14
389,elizabeth.davis1572@example.com,Elizabeth Davis,502-83-9043,1973-10-11,2023-02-12T08:02:38,2023-05-15T08:02:38
390,james.wilson1436@testmail.com,James Wilson,943-94-8869,1977-11-29,2023-03-17T07:58:00,2023-03-23T07:58:00
391,michael.garcia4782@example.com,Michael Garcia,584-24-6052,1995-08-29,2024-01-01T19:02:27,2024-05-05T19:02:27
392,william.williams8915@testmail.com,William Williams,289-57-7249,1993-02-20,2023-05-25T22:09:29,2023-09-16T22:09:29
393,mary.rodriguez7205@testmail.com,Mary Rodriguez,369-38-5400,1965-07-12,2023-04-28T09:16:47,2023-10-23T09:16:47
394,patricia.williams5633@sample.org,Patricia Williams,523-85-4727,1965-06-21,2023-10-28T16:10:50,2024-03-09T16:10:50
395,susan.moore7780@sample.org,Susan Moore,341-70-5896,1967-01-31,2023-11-03T15:41:12,2023-11-11T15:41:12
396,thomas.taylor9364@sample.org,Thomas Taylor,735-28-2970,2000-04-14,2023-05-15T06:41:51,2023-06-26T06:41:51
397,michael.miller2068@example.com,Michael Miller,533-20-8133,1978-02-11,2024-05-02T04:20:38,2024-06-08T04:20:38
398,karen.rodriguez5239@sample.org,Karen Rodriguez,926-18-2425,1994-10-26,2024-03-08T03:22:49,2024-06-17T03:22:49
399,sarah.hernandez4526@sample.org,Sarah Hernandez,569-11-9561,1997-08-23,2023-03-29T09:30:11,2023-07-13T09:30:11
400,john.jones9284@sample.org,John Jones,696-22-2730,1969-01-22,2023-08-11T05:09:26,2023-12-26T05:09:26
401,barbara.wilson4328@testmail.com,Barbara Wilson,770-72-8750,1963-05-12,2023-05-14T18:02:08,2023-07-23T18:02:08
402,richard.jones9973@sample.org,Richard Jones,810-61-1635,1995-07-05,2023-09-15T11:29:50,2024-03-09T11:29:50
403,linda.johnson7786@testmail.com,Linda Johnson,481-12-6535,1987-03-10,2023-08-30T12:30:54,2023-11-09T12:30:54
404,jessica.brown3735@example.com,Jessica Brown,407-66-6257,1984-03-03,2023-11-20T17:12:24,2024-04-22T17:12:24
405,robert.miller7238@example.com,Robert Miller,943-62-8937,1993-07-18,2023-02-13T15:45:08,2023-06-24T15:45:08
406,jennifer.williams5098@sample.org,Jennifer Williams,618-61-3222,1962-08-06,2023-05-15T22:41:56,2023-07-03T22:41:56
407,michael.johnson4088@example.com,Michael Johnson,567-16-6904,1977-11-11,2023-08-01T19:18:38,2023-11-03T19:18:38
408,joseph.taylor6504@sample.org,Joseph Taylor,226-97-1500,1981-09-14,2023-10-17T07:17:01,2024-02-19T07:17:01
409,karen.anderson2910@testmail.com,Karen Anderson,700-80-6730,1990-11-19,2023-05-08T00:06:52,2023-07-13T00:06:52
410,robert.martinez450@testmail.com,Robert Martinez,150-30-4511,1979-11-10,2024-05-17T20:02:09,2024-07-13T20:02:09
411,michael.rodriguez6710@sample.org,Michael Rodriguez,120-97-1145,2002-07-14,2023-04-13T18:30:48,2023-09-25T18:30:48
412,jennifer.smith3667@testmail.com,Jennifer Smith,722-49-5511,1998-01-08,2023-10-20T10:00:39,2024-01-17T10:00:39
413,joseph.rodriguez3576@testmail.com,Joseph Rodriguez,409-96-9530,1995-08-18,2024-03-29T23:37:49,2024-04-24T23:37:49
414,james.taylor6132@sample.org,James Taylor,762-86-5631,1986-10-11,2024-06-15T14:23:08,2024-07-12T14:23:08
415,jessica.williams5510@testmail.com,Jessica Williams,755-51-5536,1983-06-06,2024-05-24T14:57:21,2024-11-06T14:57:21
416,elizabeth.miller2457@sample.org,Elizabeth Miller,883-40-1930,1996-04-02,2024-05-28T01:10:39,2024-08-17T01:10:39
417,john.smith8149@testmail.com,John Smith,365-63-7628,1994-10-31,2023-01-28T10:23:38,2023-06-26T10:23:38
418,charles.miller5623@sample.org,Charles Miller,830-38-9759,2002-09-05,2024-06-05T20:32:10,2024-09-04T20:32:10
419,thomas.martinez2786@sample.org,Thomas Martinez,997-81-3967,1986-05-10,2023-03-17T19:27:10,2023-07-15T19:27:10
420,john.rodriguez9160@example.com,John Rodriguez,796-52-2463,1979-12-09,2023-10-03T22:57:45,2023-11-29T22:57:45
421,elizabeth.wilson5429@testmail.com,Elizabeth Wilson,366-84-5817,2001-08-09,2023-04-02T11:36:20,2023-07-31T11:36:20
422,mary.williams7737@example.com,Mary Williams,612-25-7253,1986-10-07,2023-11-17T20:52:38,2023-11-30T20:52:38
423,john.jones3282@testmail.com,John Jones,519-82-8496,1972-11-06,2023-09-03T17:48:54,2023-10-19T17:48:54
424,robert.thomas5450@sample.org,Robert Thomas,281-50-1950,1960-06-03,2023-12-18T02:52:58,2024-02-26T02:52:58
425,michael.garcia9442@example.com,Michael Garcia,601-21-3120,1998-11-28,2024-05-07T01:03:49,2024-08-24T01:03:49
426,richard.wilson7822@testmail.com,Richard Wilson,104-14-9745,1977-11-21,2023-10-17T19:06:51,2023-10-20T19:06:51
427,david.taylor3123@example.com,David Taylor,792-10-5076,1980-04-19,2024-06-22T16:14:17,2024-09-18T16:14:17
428,elizabeth.jones1683@testmail.com,Elizabeth Jones,615-85-6015,1974-12-25,2023-02-20T17:02:17,2023-03-03T17:02:17
429,elizabeth.martinez7470@sample.org,Elizabeth Martinez,632-86-9587,1990-04-23,2023-12-03T20:06:20,2024-05-26T20:06:20
430,john.hernandez8032@testmail.com,John Hernandez,868-34-3701,1996-03-10,2023-01-15T20:30:39,2023-03-14T20:30:39
431,linda.jones3461@sample.org,Linda Jones,122-85-9267,1975-02-28,2023-04-06T15:54:20,2023-07-08T15:54:20
432,mary.gonzalez4191@sample.org,Mary Gonzalez,738-16-1785,1969-09-12,2024-05-22T15:23:00,2024-05-27T15:23:00
433,mary.brown6829@testmail.com,Mary Brown,489-25-9966,1982-09-03,2024-01-04T11:23:19,2024-07-01T11:23:19
434,john.miller153@testmail.com,John Miller,530-94-2654,1984-03-21,2024-04-28T17:47:31,2024-09-30T17:47:31
435,john.wilson1719@sample.org,John Wilson,836-89-2928,1985-05-12,2023-03-30T13:20:52,2023-04-26T13:20:52
436,jessica.miller9978@example.com,Jessica Miller,896-43-9571,1978-02-03,2023-10-06T00:08:47,2024-04-03T00:08:47
437,susan.martinez2628@example.com,Susan Martinez,661-73-4402,2003-02-14,2023-09-14T18:53:53,2023-11-13T18:53:53
438,james.smith1459@example.com,James Smith,955-83-9095,1973-05-19,2023-03-11T23:15:45,2023-07-19T23:15:45
439,robert.brown4193@sample.org,Robert Brown,336-68-5850,1983-09-11,2023-12-27T14:45:26,2024-01-08T14:45:26
440,patricia.garcia647@testmail.com,Patricia Garcia,468-96-6123,1998-03-21,2023-04-01T00:33:08,2023-04-25T00:33:08
441,mary.smith2268@sample.org,Mary Smith,762-31-6384,1992-01-28,2023-12-06T23:35:23,2024-05-13T23:35:23
442,william.williams6106@testmail.com,William Williams,287-24-7566,1995-11-28,2023-12-21T14:29:52,2024-02-28T14:29:52
443,richard.thomas6910@sample.org,Richard Thomas,916-31-2852,1971-11-21,2024-06-24T17:32:49,2024-07-09T17:32:49
444,jennifer.brown6817@sample.org,Jennifer Brown,594-82-8178,1976-04-05,2024-04-19T19:53:22,2024-07-25T19:53:22
445,barbara.smith2141@testmail.com,Barbara Smith,599-24-7738,1999-07-15,2023-02-05T16:59:10,2023-02-21T16:59:10
446,william.hernandez203@sample.org,William Hernandez,989-96-9598,1980-02-04,2024-06-04T06:48:13,2024-08-29T06:48:13
447,thomas.taylor1561@testmail.com,Thomas Taylor,777-41-8895,1991-01-07,2024-05-30T12:27:47,2024-11-19T12:27:47
448,richard.jones9148@sample.org,Richard Jones,155-11-3571,2005-05-10,2023-12-31T12:10:47,2024-05-05T12:10:47
449,jennifer.williams8056@testmail.com,Jennifer Williams,346-52-5557,1964-07-07,2024-01-29T17:50:51,2024-03-26T17:50:51
450,sarah.gonzalez6608@example.com,Sarah Gonzalez,180-68-8277,2000-03-14,2023-03-10T08:48:32,2023-07-15T08:48:32
451,joseph.hernandez1945@testmail.com,Joseph Hernandez,863-93-1291,1969-03-17,2023-11-10T08:39:37,2024-02-23T08:39:37
452,mary.moore8997@example.com,Mary Moore,945-21-5990,2005-08-09,2024-03-12T18:38:20,2024-05-03T18:38:20
453,joseph.hernandez5954@example.com,Joseph Hernandez,936-38-8445,1989-10-13,2024-03-11T01:58:06,2024-08-16T01:58:06
454,karen.thomas5953@sample.org,Karen Thomas,563-24-2596,1979-11-23,2023-01-02T16:57:14,2023-03-30T16:57:14
455,barbara.martinez8974@sample.org,Barbara Martinez,482-99-2741,1964-02-09,2023-05-08T12:04:40,2023-09-11T12:04:40
456,john.wilson1753@testmail.com,John Wilson,725-35-4072,1970-10-31,2023-11-02T04:07:17,2023-12-27T04:07:17
457,joseph.miller5537@example.com,Joseph Miller,875-63-1761,1971-01-20,2023-12-16T22:00:51,2024-04-11T22:00:51
458,charles.taylor2206@testmail.com,Charles Taylor,104-77-1795,1998-10-30,2024-03-30T11:26:26,2024-07-31T11:26:26
459,thomas.garcia9480@example.com,Thomas Garcia,848-26-2696,1994-10-03,2024-05-25T17:05:41,2024-10-25T17:05:41
460,karen.hernandez8260@testmail.com,Karen Hernandez,528-87-5067,1984-07-18,2023-11-06T00:50:03,2024-02-01T00:50:03
461,elizabeth.anderson2186@example.com,Elizabeth Anderson,522-87-9393,1986-10-25,2024-06-28T20:48:06,2024-11-15T20:48:06
462,david.moore3561@example.com,David Moore,314-89-5760,1990-12-23,2024-06-06T05:57:16,2024-07-09T05:57:16
463,jennifer.taylor8889@sample.org,Jennifer Taylor,752-51-2890,1991-08-08,2024-03-12T17:39:46,2024-07-12T17:39:46
464,charles.wilson8748@testmail.com,Charles Wilson,998-64-1209,1969-07-20,2023-01-20T15:06:24,2023-04-27T15:06:24
465,john.johnson928@example.com,John Johnson,373-30-5695,1982-06-24,2023-04-24T17:37:22,2023-05-09T17:37:22
466,elizabeth.miller8867@example.com,Elizabeth Miller,467-67-2679,1980-02-15,2024-05-17T15:10:50,2024-10-07T15:10:50
467,richard.davis8371@sample.org,Richard Davis,394-98-1769,1994-03-26,2023-10-29T00:32:32,2024-02-12T00:32:32
468,david.moore882@example.com,David Moore,861-42-4327,1999-10-01,2023-06-25T04:31:43,2023-12-04T04:31:43
469,barbara.moore9886@example.com,Barbara Moore,894-34-5819,2000-04-06,2023-05-18T19:27:30,2023-11-08T19:27:30
470,robert.garcia2848@sample.org,Robert Garcia,626-25-7180,1963-08-24,2023-11-29T19:57:52,2024-02-08T19:57:52
471,sarah.rodriguez2132@example.com,Sarah Rodriguez,698-42-1092,1989-08-27,2023-12-29T05:02:46,2024-02-06T05:02:46
472,mary.jones5286@sample.org,Mary Jones,152-90-5934,2004-01-04,2024-03-20T19:28:22,2024-08-07T19:28:22
473,barbara.williams5208@sample.org,Barbara Williams,325-33-9529,1966-02-12,2024-01-28T08:29:55,2024-03-08T08:29:55
474,susan.moore8799@testmail.com,Susan Moore,194-54-4624,1979-02-21,2024-05-30T05:27:03,2024-08-22T05:27:03
475,david.lopez4810@example.com,David Lopez,870-89-9691,2002-08-08,2024-03-12T00:02:12,2024-08-25T00:02:12
476,james.brown5669@testmail.com,James Brown,346-92-4994,1963-07-30,2024-06-14T03:40:46,2024-09-04T03:40:46
477,richard.brown6323@testmail.com,Richard Brown,653-46-1404,1993-08-21,2024-02-04T11:24:56,2024-06-13T11:24:56
478,joseph.thomas719@testmail.com,Joseph Thomas,767-34-6248,1967-05-22,2023-03-16T12:45:27,2023-04-27T12:45:27
479,sarah.moore121@sample.org,Sarah Moore,167-36-4492,1998-01-21,2023-03-22T17:20:10,2023-05-13T17:20:10
480,sarah.wilson1182@sample.org,Sarah Wilson,802-29-1389,2001-03-13,2023-09-15T15:37:22,2023-09-24T15:37:22
481,robert.williams890@example.com,Robert Williams,913-42-2154,1980-06-03,2023-07-20T21:32:50,2023-11-01T21:32:50
482,richard.anderson6627@testmail.com,Richard Anderson,423-12-7381,1970-08-12,2024-02-20T10:02:07,2024-02-21T10:02:07
483,karen.williams9595@example.com,Karen Williams,817-19-6860,2005-02-09,2023-03-24T10:30:35,2023-06-06T10:30:35
484,elizabeth.williams4613@testmail.com,Elizabeth Williams,490-60-1504,2002-07-10,2023-05-02T10:04:50,2023-09-15T10:04:50
485,linda.jones6407@sample.org,Linda Jones,402-91-3360,1986-09-27,2024-06-10T01:34:58,2024-11-22T01:34:58
486,barbara.smith9069@sample.org,Barbara Smith,244-25-1684,1960-06-13,2024-03-20T20:14:54,2024-08-19T20:14:54
487,richard.moore8971@example.com,Richard Moore,412-36-6633,1978-12-30,2023-11-17T12:26:14,2024-04-30T12:26:14
488,thomas.jones2638@example.com,Thomas Jones,326-88-5140,1977-06-07,2023-03-31T00:43:08,2023-05-16T00:43:08
489,charles.johnson8993@testmail.com,Charles Johnson,760-80-2198,1986-01-28,2024-06-05T17:07:14,2024-06-22T17:07:14
490,william.brown3235@sample.org,William Brown,694-72-6420,1992-01-15,2023-04-10T14:06:12,2023-09-28T14:06:12
491,linda.brown4672@sample.org,Linda Brown,171-34-6206,2003-08-03,2023-12-17T00:38:59,2024-03-10T00:38:59
492,karen.martinez9572@example.com,Karen Martinez,679-82-6971,1988-05-18,2023-11-29T16:13:42,2024-01-11T16:13:42
493,james.hernandez4034@example.com,James Hernandez,829-92-8145,1984-10-27,2023-10-07T05:18:17,2023-11-10T05:18:17
494,david.thomas7584@testmail.com,David Thomas,467-49-8978,1969-10-06,2023-05-17T12:35:35,2023-10-29T12:35:35
495,karen.williams4598@example.com,Karen Williams,651-35-5312,1966-11-10,2023-02-28T13:33:25,2023-03-04T13:33:25
496,thomas.smith9534@sample.org,Thomas Smith,514-85-4485,1963-04-16,2024-03-04T10:27:26,2024-05-09T10:27:26
497,sarah.moore7735@sample.org,Sarah Moore,893-29-6993,1995-03-19,2023-06-23T10:44:15,2023-11-20T10:44:15
498,elizabeth.jones7614@sample.org,Elizabeth Jones,622-21-7500,1992-08-23,2024-01-26T01:04:35,2024-01-28T01:04:35
499,linda.garcia8424@example.com,Linda Garcia,556-30-3935,1973-02-11,2024-01-11T13:09:24,2024-04-11T13:09:24
500,mary.davis7990@example.com,Mary Davis,164-43-7052,1980-12-29,2023-02-03T06:00:25,2023-07-24T06:00:25
